x,y,theta,v,omega,distance,heading_error,lidar_0,lidar_1,lidar_2,lidar_3,lidar_4,lidar_5,lidar_6,lidar_7,lidar_8
53.991673312864734,99.74203844595857,0.035464824921019905,4.0,0.1,896.0083638208092,-0.03517692408435247,0.97979796,1.0,1.0,1.0,1.0,1.0,1.0,1.0,0.9191919
57.989158068897765,99.883868010167,-0.0645351750789801,4.0,-0.1,892.0108494907856,0.06466536630953224,0.8888889,1.0,1.0,1.0,1.0,1.0,1.0,1.0,1.0
61.9808313817625,99.62590645612558,-0.1645351750789801,4.0,-0.1,888.019247414945,0.16495644247383473,0.8181818,0.97979796,1.0,1.0,1.0,1.0,1.0,1.0,1.0
65.92680977118857,98.97073125041152,-0.1645351750789801,4.0,0.0,884.0737893838427,0.1656994093255635,0.8181818,0.969697,1.0,1.0,1.0,1.0,1.0,1.0,1.0
69.87278816061465,98.31555604469746,-0.1645351750789801,4.0,0.0,880.1288237363942,0.16644903693441598,0.8080808,0.959596,1.0,1.0,1.0,1.0,1.0,1.0,1.0
73.81876655004072,97.6603808389834,-0.1645351750789801,4.0,0.0,876.18435712338,0.1672054144210942,0.8080808,0.959596,1.0,1.0,1.0,1.0,1.0,1.0,1.0
77.7647449394668,97.00520563326934,-0.1645351750789801,4.0,0.0,872.2403963150368,0.16796863248760038,0.7979798,0.94949496,1.0,1.0,1.0,1.0,1.0,1.0,1.0
81.71072332889287,96.35003042755528,-0.0645351750789801,4.0,0.1,868.2969482037319,0.06873878345210035,0.85858583,1.0,1.0,1.0,1.0,1.0,1.0,1.0,1.0
85.7023966417576,96.09206887351385,-0.0645351750789801,4.0,0.0,864.3064381898882,0.0690566552731865,0.85858583,1.0,1.0,1.0,1.0,1.0,1.0,1.0,1.0
89.69406995462234,95.83410731947242,-0.1645351750789801,4.0,-0.1,860.3160163178807,0.1693774759100462,0.7878788,0.93939394,1.0,1.0,1.0,1.0,1.0,1.0,1.0
93.64004834404841,95.17893211375836,-0.1645351750789801,4.0,0.0,856.3735221827842,0.17016483693471562,0.7878788,0.9292929,1.0,1.0,1.0,1.0,1.0,1.0,1.0
97.58602673347448,94.5237569080443,-0.0645351750789801,4.0,0.1,852.4315638562589,0.0709594805520682,0.8484849,1.0,1.0,1.0,1.0,1.0,1.0,1.0,1.0
101.57770004633922,94.26579535400288,0.035464824921019905,4.0,0.1,848.4416775250858,-0.02870625983302269,0.9292929,1.0,1.0,1.0,1.0,1.0,1.0,1.0,0.969697
105.57518480237225,94.40762491821131,-0.0645351750789801,4.0,-0.1,844.4433333152693,0.07115778164192756,0.83838385,1.0,1.0,1.0,1.0,1.0,1.0,1.0,1.0
109.56685811523698,94.14966336416988,0.035464824921019905,4.0,0.1,840.4535040185427,-0.0285038403397593,0.9292929,1.0,1.0,1.0,1.0,1.0,1.0,1.0,0.969697
113.56434287127001,94.29149292837832,0.1354648249210199,4.0,0.1,836.4551366148438,-0.12864012968554658,1.0,1.0,1.0,1.0,1.0,1.0,1.0,1.0,0.8888889
117.52769752418183,94.83169649671368,0.1354648249210199,4.0,0.0,832.4883457145164,-0.1292565257534183,1.0,1.0,1.0,1.0,1.0,1.0,1.0,1.0,0.8888889
121.49105217709365,95.37190006504903,0.035464824921019905,4.0,-0.1,828.5218741419126,-0.029878823937546165,0.93939394,1.0,1.0,1.0,1.0,1.0,1.0,1.0,0.959596
125.48853693312668,95.51372962925747,-0.0645351750789801,4.0,-0.1,824.5236681566608,0.06997624691267394,0.8484849,1.0,1.0,1.0,1.0,1.0,1.0,1.0,1.0
129.48021024599143,95.25576807521604,-0.0645351750789801,4.0,0.0,820.5335051748457,0.07031709419466624,0.8484849,1.0,1.0,1.0,1.0,1.0,1.0,1.0,1.0
133.47188355885618,94.99780652117461,-0.0645351750789801,4.0,0.0,816.5434384516979,0.07066127264017465,0.8484849,1.0,1.0,1.0,1.0,1.0,1.0,1.0,1.0
137.46355687172093,94.73984496713318,0.035464824921019905,4.0,0.1,812.55346940526,-0.02899116875963205,0.9292929,1.0,1.0,1.0,1.0,1.0,1.0,1.0,0.959596
141.46104162775396,94.88167453134162,0.035464824921019905,4.0,0.0,808.5551585768777,-0.029134570765549546,0.9292929,1.0,1.0,1.0,1.0,1.0,1.0,1.0,0.959596
145.458526383787,95.02350409555005,0.035464824921019905,4.0,0.0,804.5568645409935,-0.029279398064366257,0.93939394,1.0,1.0,1.0,1.0,1.0,1.0,1.0,0.959596
149.45601113982002,95.16533365975849,0.1354648249210199,4.0,0.1,800.5585875492121,-0.12942567200532504,1.0,1.0,1.0,1.0,1.0,1.0,1.0,1.0,0.8787879
153.41936579273184,95.70553722809385,0.1354648249210199,4.0,0.0,796.5922101078776,-0.1300737559153308,1.0,1.0,1.0,1.0,1.0,1.0,1.0,1.0,0.8787879
157.38272044564366,96.2457407964292,0.035464824921019905,4.0,-0.1,792.6261705938787,-0.03072832569814457,0.94949496,1.0,1.0,1.0,1.0,1.0,1.0,1.0,0.94949496
161.3802052016767,96.38757036063764,0.035464824921019905,4.0,0.0,788.6280684807311,-0.030884158296607102,0.94949496,1.0,1.0,1.0,1.0,1.0,1.0,1.0,0.94949496
165.37768995770972,96.52939992484608,0.035464824921019905,4.0,0.0,784.6299857136366,-0.031041578989203945,0.94949496,1.0,1.0,1.0,1.0,1.0,1.0,1.0,0.94949496
169.37517471374275,96.67122948905451,-0.0645351750789801,4.0,-0.1,780.6319225898427,0.06879938783118916,0.85858583,1.0,1.0,1.0,1.0,1.0,1.0,1.0,1.0
173.3668480266075,96.41326793501308,-0.0645351750789801,4.0,0.0,776.6414342481559,0.06915345148913961,0.85858583,1.0,1.0,1.0,1.0,1.0,1.0,1.0,1.0
177.35852133947225,96.15530638097165,-0.0645351750789801,4.0,0.0,772.651044272737,0.06951117234669066,0.85858583,1.0,1.0,1.0,1.0,1.0,1.0,1.0,1.0
181.350194652337,95.89734482693022,0.035464824921019905,4.0,0.1,768.6607541955484,-0.030127392730976983,0.93939394,1.0,0.97979796,1.0,1.0,1.0,1.0,1.0,0.94949496
185.34767940837003,96.03917439113866,0.035464824921019905,4.0,0.0,764.6625788710134,-0.03028496725508372,0.93939394,1.0,0.94949496,1.0,1.0,1.0,1.0,1.0,0.94949496
189.34516416440306,96.1810039553471,-0.0645351750789801,4.0,-0.1,760.6644227324347,0.06955580175036366,0.85858583,1.0,1.0,1.0,1.0,1.0,1.0,1.0,1.0
193.3368374772678,95.92304240130566,0.035464824921019905,4.0,0.1,756.6741459189444,-0.030076802418910874,0.93939394,1.0,0.8888889,1.0,1.0,1.0,1.0,1.0,0.94949496
197.33432223330084,96.0648719655141,0.1354648249210199,4.0,0.1,752.6759646226604,-0.13023661763563543,1.0,1.0,1.0,1.0,1.0,1.0,1.0,1.0,0.8787879
201.29767688621266,96.60507553384946,0.1354648249210199,4.0,0.0,748.7100200665894,-0.13093044444151986,1.0,1.0,1.0,1.0,1.0,1.0,1.0,1.0,0.86868685
205.26103153912447,97.14527910218482,0.23546482492101992,4.0,0.1,744.7444397748621,-0.23163166050089082,1.0,0.82828283,1.0,1.0,1.0,1.0,1.0,0.93939394,0.8080808
209.15065555933404,98.07845913915983,0.3354648249210199,4.0,0.1,740.8518363866316,-0.3328711308503389,0.8181818,1.0,0.94949496,1.0,1.0,1.0,1.0,0.85858583,0.75757575
212.9276851093702,99.39529161831337,0.3354648249210199,4.0,0.0,737.0725629478136,-0.3346444057656722,0.7878788,1.0,0.9292929,1.0,1.0,1.0,1.0,0.8484849,0.74747473
216.70471465940636,100.7121240974669,0.3354648249210199,4.0,0.0,733.2956311225868,-0.33643595331613885,0.75757575,1.0,0.90909094,1.0,1.0,1.0,1.0,0.83838385,0.7373737
220.48174420944252,102.02895657662043,0.23546482492101992,4.0,-0.1,729.5210772804903,-0.23824604571852379,1.0,1.0,0.8888889,1.0,1.0,1.0,1.0,0.8989899,0.7676768
224.3713682296521,102.96213661359545,0.23546482492101992,4.0,0.0,725.6346777120184,-0.23954696836231776,0.7373737,1.0,0.85858583,1.0,1.0,1.0,1.0,0.8888889,0.7676768
228.26099224986166,103.89531665057046,0.1354648249210199,4.0,-0.1,721.7495194317504,-0.1408618989148207,1.0,0.7171717,1.0,0.85858583,1.0,1.0,1.0,0.969697,0.8080808
232.22434690277348,104.43552021890582,0.035464824921019905,4.0,-0.1,717.7893576939981,-0.0416442818889809,1.0,0.67676765,1.0,0.7979798,1.0,1.0,1.0,1.0,0.8787879
236.2218316588065,104.57734978311426,0.035464824921019905,4.0,0.0,713.7928451109229,-0.041877583450850825,1.0,0.65656567,1.0,0.7777778,1.0,1.0,1.0,1.0,0.8787879
240.21931641483954,104.7191793473227,-0.0645351750789801,4.0,-0.1,709.796371816826,0.057886487788553535,0.93939394,0.6666667,1.0,1.0,0.8080808,1.0,1.0,1.0,0.969697
244.2109897277043,104.46121779328126,-0.1645351750789801,4.0,-0.1,705.8031095747211,0.1582143648712337,0.85858583,1.0,0.61616164,1.0,0.7171717,1.0,1.0,1.0,1.0
248.15696811713036,103.8060425875672,-0.1645351750789801,4.0,0.0,701.8533517500056,0.1591123025764314,0.85858583,1.0,0.5959596,1.0,0.6969697,1.0,1.0,1.0,1.0
252.10294650655644,103.15086738185315,-0.1645351750789801,4.0,0.0,697.9041662292097,0.16002040322568814,0.8484849,1.0,0.57575756,1.0,0.6666667,1.0,1.0,1.0,1.0
256.0489248959825,102.49569217613909,-0.1645351750789801,4.0,0.0,693.9555627829925,0.16093883881521842,0.8484849,0.5858586,0.56565654,1.0,0.6363636,1.0,1.0,1.0,1.0
259.99490328540855,101.84051697042503,-0.0645351750789801,4.0,0.1,690.0075514042082,0.061867785208799625,0.90909094,0.5151515,1.0,1.0,0.6363636,1.0,1.0,1.0,1.0
263.9865765982733,101.5825554163836,-0.0645351750789801,4.0,0.0,686.0152487875198,0.06222829221765697,0.90909094,0.4949495,1.0,1.0,0.61616164,1.0,1.0,1.0,1.0
267.97824991113805,101.32459386234217,-0.1645351750789801,4.0,-0.1,682.0230363728004,0.16259301971996476,0.83838385,0.47474748,1.0,1.0,0.5555556,1.0,1.0,1.0,1.0
271.9242283005641,100.66941865662811,-0.0645351750789801,4.0,0.1,678.0761021353896,0.06354794257917805,0.47474748,0.47474748,1.0,0.57575756,0.5555556,1.0,1.0,1.0,1.0
275.91590161342884,100.41145710258668,-0.1645351750789801,4.0,-0.1,674.084223962098,0.16392478083815595,0.82828283,0.43434343,1.0,0.94949496,0.5050505,1.0,1.0,1.0,1.0
279.8618800028549,99.75628189687262,-0.1645351750789801,4.0,0.0,670.1381643152566,0.16489885845276467,0.44444445,0.41414142,1.0,0.9191919,0.47474748,1.0,1.0,1.0,1.0
283.80785839228093,99.10110669115856,-0.2645351750789801,4.0,-0.1,666.1927480459841,0.26588447463865506,0.7676768,0.3838384,1.0,1.0,0.47474748,0.46464646,1.0,1.0,1.0
287.66871494656823,98.05526412785524,-0.1645351750789801,4.0,0.1,662.3341401121813,0.16747136475832763,0.37373737,0.4040404,1.0,0.85858583,0.42424244,1.0,1.0,1.0,1.0
291.6146933359943,97.40008892214118,-0.0645351750789801,4.0,0.1,658.390440064761,0.06848407481498106,0.35353535,1.0,1.0,0.42424244,0.41414142,1.0,1.0,1.0,1.0
295.606366648859,97.14212736809975,-0.0645351750789801,4.0,0.0,654.399873782451,0.06890235458307845,0.35353535,1.0,1.0,0.3838384,0.3838384,1.0,1.0,1.0,1.0
299.59803996172377,96.88416581405832,0.035464824921019905,4.0,0.1,650.4094233975287,-0.03067423303868825,0.94949496,1.0,0.7676768,0.34343433,1.0,1.0,1.0,1.0,0.94949496
303.5955247177568,97.02599537826676,0.1354648249210199,4.0,0.1,646.4113167081795,-0.13086401575060283,1.0,1.0,0.32323232,0.33333334,1.0,1.0,1.0,1.0,0.86868685
307.5588793706686,97.56619894660211,0.1354648249210199,4.0,0.0,642.4457306753923,-0.13167647867062826,1.0,0.7676768,0.2929293,0.3131313,1.0,1.0,1.0,1.0,0.85858583
311.5222340235804,98.10640251493747,0.1354648249210199,4.0,0.0,638.4805739861433,-0.13249903341818414,1.0,0.7171717,0.27272728,0.2929293,1.0,1.0,1.0,1.0,0.85858583
315.48558867649217,98.64660608327283,0.23546482492101992,4.0,0.1,634.5158546894723,-0.2333318680643278,1.0,0.25252524,0.25252524,0.9191919,1.0,1.0,1.0,0.9292929,0.7979798
319.37521269670174,99.57978612024785,0.23546482492101992,4.0,0.0,630.6249273070601,-0.23479847969320988,1.0,0.22222222,0.23232323,0.8888889,1.0,1.0,1.0,0.9191919,0.7878788
323.2648367169113,100.51296615722286,0.1354648249210199,4.0,-0.1,626.7353732076707,-0.136283298293394,1.0,0.2020202,0.2020202,1.0,1.0,1.0,1.0,1.0,0.83838385
327.2281913698231,101.05316972555822,0.23546482492101992,4.0,0.1,622.7726991374723,-0.23715592382274686,0.18181819,0.18181819,0.2020202,0.83838385,1.0,1.0,1.0,0.8989899,0.7777778
331.11781539003266,101.98634976253324,0.23546482492101992,4.0,0.0,618.885372272592,-0.23867439047526426,0.16161616,0.16161616,1.0,0.8080808,1.0,1.0,1.0,0.8989899,0.7676768
335.0074394102422,102.91952979950825,0.3354648249210199,4.0,0.1,614.9994904347459,-0.3402120496110703,0.14141414,0.16161616,1.0,1.0,1.0,1.0,0.97979796,0.8181818,0.72727275
338.7844689602784,104.23636227866179,0.3354648249210199,4.0,0.0,611.2302120719531,-0.34239575881924816,0.13131313,1.0,0.8080808,1.0,1.0,1.0,0.959596,0.8080808,0.7171717
342.56149851031455,105.55319475781532,0.23546482492101992,4.0,-0.1,607.4638845759087,-0.24460655704286605,0.121212125,1.0,1.0,0.7373737,1.0,1.0,1.0,0.85858583,0.74747473
346.4511225305241,106.48637479479034,0.1354648249210199,4.0,-0.1,603.58373118619,-0.14621146919524813,0.11111111,1.0,1.0,0.72727275,1.0,1.0,1.0,0.94949496,0.7878788
350.4144771834359,107.0265783631257,0.035464824921019905,4.0,-0.1,599.6266938476853,-0.047183347890698404,0.1010101,0.53535354,1.0,1.0,0.68686867,1.0,1.0,1.0,0.8484849
354.41196193946894,107.16840792733413,0.035464824921019905,4.0,0.0,595.6311754374558,-0.0475000931883992,0.4848485,1.0,1.0,1.0,0.65656567,1.0,1.0,1.0,0.8484849
358.40944669550197,107.31023749154257,0.1354648249210199,4.0,0.1,591.635717592595,-0.14782111663254036,0.47474748,1.0,1.0,0.6363636,1.0,1.0,1.0,0.93939394,0.7777778
362.37280134841376,107.85044105987792,0.1354648249210199,4.0,0.0,587.6796355327837,-0.14882359062248282,0.47474748,1.0,1.0,0.61616164,1.0,1.0,1.0,0.9292929,0.7777778
366.33615600132555,108.39064462821328,0.1354648249210199,4.0,0.0,583.7241520689254,-0.1498396517517276,1.0,1.0,1.0,0.5858586,1.0,1.0,1.0,0.9292929,0.7676768
370.29951065423734,108.93084819654864,0.035464824921019905,4.0,-0.1,579.7692794528066,-0.05086957599590263,0.43434343,1.0,1.0,1.0,0.5555556,1.0,1.0,1.0,0.83838385
374.29699541027037,109.07267776075707,0.035464824921019905,4.0,0.0,575.774489687927,-0.05122282291104423,1.0,1.0,1.0,1.0,0.53535354,1.0,1.0,1.0,0.83838385
378.2944801663034,109.21450732496551,0.035464824921019905,4.0,0.0,571.779772774063,-0.05158100576278593,1.0,1.0,1.0,1.0,0.5050505,1.0,1.0,1.0,0.82828283
382.29196492233643,109.35633688917395,-0.0645351750789801,4.0,-0.1,567.7851302488692,0.04805577135973026,0.41414142,1.0,1.0,1.0,0.47474748,1.0,1.0,1.0,0.9191919
386.2836382352012,109.09837533513252,0.035464824921019905,4.0,0.1,563.7897808182413,-0.05160341169227674,1.0,1.0,1.0,1.0,0.45454547,1.0,1.0,1.0,0.82828283
390.2811229912342,109.24020489934095,-0.0645351750789801,4.0,-0.1,559.795143482449,0.04802802124206308,0.969697,1.0,1.0,1.0,0.41414142,1.0,1.0,1.0,0.9191919
394.27279630409896,108.98224334529952,-0.0645351750789801,4.0,0.0,555.7997891535941,0.048373538177940704,0.969697,1.0,1.0,1.0,0.3939394,1.0,1.0,1.0,0.9292929
398.2644696169637,108.7242817912581,-0.0645351750789801,4.0,0.0,551.8045021380523,0.04872405851994239,0.969697,1.0,1.0,1.0,0.36363637,1.0,1.0,1.0,0.9292929
402.25614292982846,108.46632023721666,-0.1645351750789801,4.0,-0.1,547.8092839086132,0.14907969165362311,0.8989899,1.0,1.0,1.0,0.36363637,0.34343433,1.0,1.0,1.0
406.2021213192545,107.8111450315026,-0.1645351750789801,4.0,0.0,543.8539756629366,0.15017210344965382,0.8888889,1.0,1.0,1.0,0.33333334,0.3131313,1.0,1.0,1.0
410.14809970868055,107.15596982578855,-0.1645351750789801,4.0,0.0,539.8993259416948,0.15128051996079928,0.8787879,1.0,1.0,1.0,0.3131313,0.28282827,1.0,1.0,1.0
414.0940780981066,106.50079462007449,-0.2645351750789801,4.0,-0.1,535.945349322308,0.25240529272113565,0.82828283,0.94949496,1.0,1.0,1.0,0.26262626,0.26262626,1.0,1.0
417.9549346523939,105.45495205677116,-0.36453517507898014,4.0,-0.1,532.0730288810739,0.35428273354213247,0.7777778,0.86868685,1.0,1.0,1.0,0.26262626,0.23232323,0.25252524,1.0
421.69209296908144,104.0288918490615,-0.36453517507898014,4.0,0.0,528.323269032248,0.3569092930955494,0.7676768,0.85858583,1.0,1.0,1.0,0.25252524,0.21212122,0.22222222,1.0
425.429251285769,102.60283164135183,-0.4645351750789801,4.0,-0.1,524.5772060804417,0.4595733843430808,0.72727275,0.7878788,0.90909094,1.0,1.0,1.0,0.2020202,0.18181819,0.2020202
429.0053709142968,100.81080251143844,-0.36453517507898014,4.0,0.1,520.9952599946204,0.36297891746786015,0.7373737,0.82828283,0.97979796,1.0,1.0,1.0,0.17171717,0.16161616,0.18181819
432.74252923098436,99.38474230372877,-0.36453517507898014,4.0,0.0,517.2578366814678,0.36572463572649394,0.72727275,0.8181818,0.969697,1.0,1.0,1.0,0.15151516,0.14141414,0.14141414
436.4796875476719,97.9586820960191,-0.4645351750789801,4.0,-0.1,513.5243697040305,0.46851029953351586,0.6969697,0.75757575,0.86868685,1.0,1.0,1.0,1.0,0.13131313,0.121212125
440.0558071761997,96.16665296610572,-0.36453517507898014,4.0,0.1,509.958600617932,0.37205222279751243,0.7070707,0.7878788,0.93939394,1.0,1.0,1.0,1.0,0.11111111,0.1010101
443.7929654928873,94.74059275839605,-0.26453517507898017,4.0,0.1,506.23435595484654,0.2749246356093538,0.7373737,0.83838385,1.0,1.0,1.0,1.0,0.121212125,0.09090909,0.08080808
447.6538220471746,93.69475019509272,-0.36453517507898014,4.0,-0.1,502.38574689068764,0.3770861190245605,0.68686867,0.7676768,0.9191919,1.0,1.0,1.0,1.0,0.1010101,0.08080808
451.3909803638621,92.26868998738306,-0.36453517507898014,4.0,0.0,498.6689559387287,0.3800396890137289,0.67676765,0.75757575,0.8989899,1.0,1.0,1.0,1.0,1.0,0.08080808
455.1281386805497,90.84262977967339,-0.4645351750789801,4.0,-0.1,494.9565804746204,0.4830375914334306,0.64646465,0.6969697,0.8080808,0.989899,1.0,1.0,1.0,1.0,1.0
458.7042583090775,89.05060064976,-0.5645351750789801,4.0,-0.1,491.41773996241193,0.5868182646805363,0.61616164,0.65656567,0.72727275,0.86868685,1.0,1.0,1.0,1.0,1.0
462.08360784422524,86.9105079603429,-0.4645351750789801,4.0,0.1,488.09193861009834,0.4913560677823264,0.61616164,0.6666667,0.7676768,0.94949496,1.0,1.0,1.0,1.0,1.0
465.65972747275305,85.11847883042951,-0.5645351750789801,4.0,-0.1,484.5688385194494,0.5952508551777602,0.5858586,0.6262626,0.6969697,0.82828283,1.0,1.0,1.0,1.0,1.0
469.0390770079008,82.97838614101241,-0.4645351750789801,4.0,0.1,481.26203339114176,0.49991125614881016,0.5858586,0.64646465,0.7373737,0.90909094,1.0,1.0,1.0,1.0,1.0
472.6151966364286,81.18635701109902,-0.36453517507898014,4.0,0.1,477.7553805505382,0.4039245982312138,0.5959596,0.6666667,0.7979798,1.0,1.0,1.0,1.0,1.0,1.0
476.35235495311616,79.76029680338935,-0.26453517507898017,4.0,0.1,474.07988487589915,0.30724075537071693,0.61616164,0.7070707,0.8787879,1.0,1.0,1.0,1.0,1.0,1.0
480.21321150740346,78.71445424008601,-0.26453517507898017,4.0,0.0,470.268754118839,0.30981315753958644,0.6060606,0.6969697,0.86868685,1.0,1.0,1.0,1.0,1.0,1.0
484.07406806169075,77.66861167678269,-0.36453517507898014,4.0,-0.1,466.46078608713117,0.41242757702508803,0.57575756,0.6363636,0.75757575,0.97979796,1.0,1.0,1.0,1.0,1.0
487.8112263783783,76.24255146907302,-0.36453517507898014,4.0,0.0,462.7989615616681,0.41589202157081456,0.56565654,0.6262626,0.74747473,0.959596,1.0,1.0,1.0,1.0,1.0
491.54838469506586,74.81649126136335,-0.36453517507898014,4.0,0.0,459.14278028527497,0.4194116840797635,0.5555556,0.61616164,0.72727275,0.93939394,1.0,1.0,1.0,1.0,1.0
495.2855430117534,73.39043105365369,-0.36453517507898014,4.0,0.0,455.49237815097007,0.4229878059669483,0.54545456,0.6060606,0.7171717,0.9292929,1.0,1.0,1.0,1.0,1.0
499.022701328441,71.96437084594402,-0.4645351750789801,4.0,-0.1,451.8478952248868,0.526621663017493,0.5151515,0.5555556,0.6363636,0.7878788,1.0,1.0,1.0,1.0,1.0
502.5988209569688,70.17234171603063,-0.36453517507898014,4.0,0.1,448.3943623729002,0.43110537053122,0.5151515,0.57575756,0.68686867,0.8888889,1.0,1.0,1.0,1.0,1.0
506.33597927365633,68.74628150832096,-0.36453517507898014,4.0,0.0,444.7634856939389,0.43486355921911996,0.5050505,0.56565654,0.67676765,0.86868685,1.0,1.0,1.0,1.0,1.0
510.0731375903439,67.3202213006113,-0.4645351750789801,4.0,-0.1,441.1389942018791,0.5386835587523623,0.47474748,0.5252525,0.5959596,0.7373737,1.0,1.0,1.0,1.0,1.0
513.6492572188718,65.5281921706979,-0.5645351750789801,4.0,-0.1,437.7102651990957,0.6433716672419746,0.45454547,0.4848485,0.53535354,0.6363636,0.8181818,1.0,1.0,1.0,1.0
517.0286067540195,63.38809948128081,-0.5645351750789801,4.0,0.0,434.51658038440615,0.6488941215560229,0.43434343,0.46464646,0.5252525,0.61616164,0.7979798,1.0,1.0,1.0,1.0
520.4079562891673,61.248006791863716,-0.5645351750789801,4.0,0.0,431.33634323721606,0.6544981828554255,0.42424244,0.45454547,0.5050505,0.5959596,0.7676768,1.0,1.0,1.0,1.0
523.787305824315,59.10791410244662,-0.6645351750789801,4.0,-0.1,428.1698534058054,0.760185313589582,0.4040404,0.42424244,0.45454547,0.5252525,0.64646465,0.8787879,1.0,1.0,1.0
526.936119922592,56.641140952257885,-0.7645351750789801,4.0,-0.1,425.2799516601664,0.8666663205250273,0.3838384,0.3939394,0.41414142,0.46464646,0.5555556,0.7070707,1.0,1.0,1.0
529.8229366743877,53.8723345232074,-0.6645351750789801,4.0,0.1,422.70146210685675,0.7738788023850833,0.36363637,0.3838384,0.41414142,0.47474748,0.5858586,0.7979798,1.0,1.0,1.0
532.9717507726647,51.405561373018664,-0.6645351750789801,4.0,0.0,419.84994952850474,0.7805375602983324,0.35353535,0.36363637,0.3939394,0.45454547,0.56565654,0.7676768,1.0,1.0,1.0
536.1205648709416,48.93878822282993,-0.6645351750789801,4.0,0.0,417.0173068002112,0.7872870817948029,0.33333334,0.34343433,0.3838384,0.43434343,0.53535354,0.72727275,1.0,1.0,1.0
539.2693789692186,46.47201507264119,-0.5645351750789801,4.0,0.1,414.2039210614923,0.6941286076860895,0.32323232,0.34343433,0.3838384,0.45454547,0.5858586,0.86868685,1.0,1.0,1.0
542.6487285043663,44.3319223832241,-0.5645351750789801,4.0,0.0,411.1374384006604,0.7003525123055457,0.3030303,0.33333334,0.36363637,0.43434343,0.5555556,0.82828283,1.0,1.0,1.0
546.0280780395141,42.191829693807,-0.4645351750789801,4.0,0.1,408.0871209516404,0.6066697079925175,0.3030303,0.33333334,0.37373737,0.46464646,0.6363636,1.0,1.0,1.0,1.0
549.6041976680419,40.39980056389361,-0.36453517507898014,4.0,0.1,404.8073397282664,0.5123033769605926,0.3030303,0.33333334,0.3939394,0.5151515,0.75757575,1.0,1.0,1.0,1.0
553.3413559847295,38.97374035618395,-0.26453517507898017,4.0,0.1,401.3256585843317,0.41718906666734856,0.3030303,0.35353535,0.43434343,0.5858586,1.0,1.0,1.0,1.0,1.0
557.2022125390167,37.92789779288062,-0.36453517507898014,4.0,-0.1,397.672035359107,0.521264719960715,0.28282827,0.3131313,0.37373737,0.4848485,0.7171717,1.0,1.0,1.0,1.0
560.9393708557043,36.50183758517096,-0.4645351750789801,4.0,-0.1,394.208307599187,0.6263176769674871,0.26262626,0.28282827,0.32323232,0.4040404,0.54545456,0.9191919,1.0,1.0,1.0
564.5154904842321,34.70980845525757,-0.4645351750789801,4.0,0.0,390.9745723043396,0.632314679403221,0.25252524,0.27272728,0.3131313,0.3838384,0.5252525,0.8787879,1.0,1.0,1.0
568.09161011276,32.917779325344185,-0.4645351750789801,4.0,0.0,387.75513226378746,0.6384114875683181,0.23232323,0.25252524,0.2929293,0.36363637,0.4949495,0.82828283,1.0,1.0,1.0
571.6677297412879,31.125750195430797,-0.5645351750789801,4.0,-0.1,384.550346515581,0.7446101491581516,0.22222222,0.23232323,0.26262626,0.3030303,0.3939394,0.5858586,1.0,1.0,1.0
575.0470792764356,28.985657506013702,-0.6645351750789801,4.0,-0.1,381.6185655847796,0.8517134815899075,0.2020202,0.21212122,0.22222222,0.26262626,0.32323232,0.43434343,0.72727275,1.0,1.0
578.1958933747126,26.518884355824966,-0.7645351750789801,4.0,-0.1,378.9957362025867,0.9596546588325483,0.18181819,0.18181819,0.2020202,0.22222222,0.26262626,0.33333334,0.4949495,1.0,1.0
581.0827101265083,23.750077926774484,-0.7645351750789801,4.0,0.0,376.7147692668484,0.968350933564079,0.16161616,0.17171717,0.18181819,0.2020202,0.23232323,0.3030303,0.44444445,0.90909094,1.0
583.9695268783041,20.981271497724002,-0.6645351750789801,4.0,0.1,374.4626372654673,0.8771524847149648,0.14141414,0.15151516,0.16161616,0.1919192,0.23232323,0.3131313,0.5252525,1.0,1.0
587.1183409765811,18.514498347535266,-0.6645351750789801,4.0,0.0,371.91798213469417,0.8854223749659479,0.13131313,0.13131313,0.15151516,0.17171717,0.2020202,0.28282827,0.46464646,1.0,1.0
590.267155074858,16.04772519734653,-0.5645351750789801,4.0,0.1,369.39911229248577,0.7938056270761841,0.11111111,0.121212125,0.13131313,0.16161616,0.2020202,0.3030303,0.6262626,1.0,1.0
593.6465046100058,13.907632507929435,-0.5645351750789801,4.0,0.0,366.6056592812724,0.8015854730177043,0.1010101,0.11111111,0.121212125,0.14141414,0.18181819,0.26262626,0.54545456,1.0,1.0
597.0258541451535,11.76753981851234,-0.4645351750789801,4.0,0.1,363.83473538357526,0.7094843039940564,0.09090909,0.09090909,0.11111111,0.13131313,0.18181819,0.3030303,1.0,1.0,1.0
600.6019737736814,9.97551068859895,-0.36453517507898014,4.0,0.1,360.80935326932115,0.6167063813303445,0.08080808,0.09090909,0.1010101,0.13131313,0.1919192,0.4040404,1.0,1.0,1.0
604.3391320903689,8.549450480889288,-0.26453517507898017,4.0,0.1,357.5536863344954,0.5231765195606874,0.07070707,0.08080808,0.1010101,0.13131313,0.22222222,0.83838385,1.0,1.0,1.0
608.1999886446562,7.503607917585956,-0.36453517507898014,4.0,-0.1,354.09438051284695,0.6288206297325547,0.060606062,0.07070707,0.08080808,0.1010101,0.14141414,0.3030303,1.0,1.0,1.0
611.9371469613437,6.077547709876294,-0.26453517507898017,4.0,0.1,350.86738185363805,0.5355262492720214,0.05050505,0.060606062,0.07070707,0.1010101,0.16161616,0.5959596,1.0,1.0,1.0
615.798003515631,5.031705146572962,-0.36453517507898014,4.0,-0.1,347.433377040125,0.6414012935693938,0.04040404,0.05050505,0.05050505,0.07070707,0.1010101,0.2020202,1.0,1.0,1.0
619.5351618323185,3.6056449388633,-0.26453517507898017,4.0,0.1,344.2366641612198,0.5483537621324027,0.030303031,0.04040404,0.04040404,0.060606062,0.1010101,0.35353535,1.0,1.0,1.0
623.3960183866058,2.5598023755599684,-0.26453517507898017,4.0,0.0,340.82950711288527,0.5544716164150592,0.02020202,0.030303031,0.030303031,0.04040404,0.07070707,0.25252524,1.0,1.0,1.0
627.256874940893,1.513959812256637,-0.16453517507898016,4.0,0.1,337.43536401032446,0.46071278290094897,0.02020202,0.02020202,0.02020202,0.030303031,0.07070707,1.0,1.0,1.0,1.0
631.202853330319,0.8587846065425749,-0.16453517507898016,4.0,0.0,333.8571570513683,0.4660394776034864,0.01010101,0.01010101,0.02020202,0.02020202,0.04040404,1.0,1.0,1.0,1.0
635.1488317197451,0.20360940082851298,-0.26453517507898017,4.0,-0.1,330.28862793633056,0.5714814316573551,0.01010101,0.01010101,0.01010101,0.01010101,0.01010101,0.02020202,1.0,1.0,1.0
639.0096882740323,-0.8422331624748185,-0.16453517507898016,4.0,0.1,326.93138420257156,0.47809912147116607,0.0,0.0,0.0,0.0,0.0,0.0,0.0,0.0,0.0
