timestamp,state,speed_target_mps,speed_mps,yaw_rate_rads,mid_pwm,delta_pwm_cmd,delta_pwm_safe,left_pwm,right_pwm,speed_idx,repeat_idx,"note_rule:+Δ=좌회전,-Δ=우회전,PWM낮을수록전진(1100~1500)"
1755197826.961535256,SETTLE,0.700,0.000,-0.02007,1498,0,0,1498,1498,0,0
1755197827.011568948,SETTLE,0.700,0.000,-0.00737,1495,0,0,1495,1495,0,0
1755197827.061479535,SETTLE,0.700,0.000,-0.01588,1492,0,0,1492,1492,0,0
1755197827.111737646,SETTLE,0.700,0.000,-0.00728,1490,0,0,1490,1490,0,0
1755197827.161767338,SETTLE,0.700,0.000,-0.00176,1488,0,0,1488,1488,0,0
1755197827.212198283,SETTLE,0.700,0.000,0.00433,1485,0,0,1485,1485,0,0
1755197827.261982660,SETTLE,0.700,0.000,-0.00490,1482,0,0,1482,1482,0,0
1755197827.311671419,SETTLE,0.700,0.000,0.01309,1480,0,0,1480,1480,0,0
1755197827.361498229,SETTLE,0.700,0.000,0.01796,1478,0,0,1478,1478,0,0
1755197827.412092024,SETTLE,0.700,0.000,0.00602,1475,0,0,1475,1475,0,0
1755197827.462016691,SETTLE,0.700,0.000,-0.02149,1472,0,0,1472,1472,0,0
1755197827.512071439,SETTLE,0.700,0.000,-0.01803,1470,0,0,1470,1470,0,0
1755197827.561880616,SETTLE,0.700,0.000,-0.00691,1468,0,0,1468,1468,0,0
1755197827.611504991,SETTLE,0.700,0.000,-0.00759,1465,0,0,1465,1465,0,0
1755197827.661556187,SETTLE,0.700,0.000,-0.02876,1462,0,0,1462,1462,0,0
1755197827.711876059,SETTLE,0.700,0.000,-0.01861,1460,0,0,1460,1460,0,0
1755197827.761703956,SETTLE,0.700,0.000,-0.02203,1458,0,0,1458,1458,0,0
1755197827.811747825,SETTLE,0.700,0.000,-0.00117,1455,0,0,1455,1455,0,0
1755197827.861500201,SETTLE,0.700,0.000,0.00874,1452,0,0,1452,1452,0,0
1755197827.911605350,SETTLE,0.700,0.000,0.02834,1450,0,0,1450,1450,0,0
1755197827.961692355,SETTLE,0.700,0.000,0.03920,1448,0,0,1448,1448,0,0
1755197828.011604189,SETTLE,0.700,0.000,0.03445,1445,0,0,1445,1445,0,0
1755197828.062107871,SETTLE,0.700,0.000,0.01927,1442,0,0,1442,1442,0,0
1755197828.111582420,SETTLE,0.700,0.000,0.01440,1440,0,0,1440,1440,0,0
1755197828.162460379,SETTLE,0.700,0.000,0.00232,1438,0,0,1438,1438,0,0
1755197828.211619116,SETTLE,0.700,0.000,0.00569,1435,0,0,1435,1435,0,0
1755197828.261451717,SETTLE,0.700,0.000,0.00469,1432,0,0,1432,1432,0,0
1755197828.312223051,SETTLE,0.700,0.000,0.02346,1430,0,0,1430,1430,0,0
1755197828.361703168,SETTLE,0.700,0.000,0.03662,1428,0,0,1428,1428,0,0
1755197828.411529657,SETTLE,0.700,0.000,0.05465,1425,0,0,1425,1425,0,0
1755197828.462215389,SETTLE,0.700,0.000,0.06580,1422,0,0,1422,1422,0,0
1755197828.511781300,SETTLE,0.700,0.000,0.08116,1420,0,0,1420,1420,0,0
1755197828.561428747,SETTLE,0.700,0.000,0.06205,1418,0,0,1418,1418,0,0
1755197828.611808203,SETTLE,0.700,0.000,0.04184,1415,0,0,1415,1415,0,0
1755197828.661753030,SETTLE,0.700,0.000,0.02702,1412,0,0,1412,1412,0,0
1755197828.711869379,SETTLE,0.700,0.000,0.02618,1410,0,0,1410,1410,0,0
1755197828.761507418,SETTLE,0.700,0.000,0.02660,1408,0,0,1408,1408,0,0
1755197828.811906267,SETTLE,0.700,0.051,0.06177,1405,0,0,1405,1405,0,0
1755197828.916816816,SETTLE,0.700,0.051,0.09425,1402,0,0,1402,1402,0,0
1755197828.962034703,SETTLE,0.700,0.051,0.11228,1400,0,0,1400,1400,0,0
1755197829.011977354,SETTLE,0.700,0.097,0.11104,1398,0,0,1398,1398,0,0
1755197829.061740899,SETTLE,0.700,0.097,0.10325,1395,0,0,1395,1395,0,0
1755197829.111562844,SETTLE,0.700,0.097,0.08709,1392,0,0,1392,1392,0,0
1755197829.161447030,SETTLE,0.700,0.097,0.08501,1390,0,0,1390,1390,0,0
1755197829.211879191,SETTLE,0.700,0.161,0.07707,1388,0,0,1388,1388,0,0
1755197829.261687377,SETTLE,0.700,0.161,0.06772,1385,0,0,1385,1385,0,0
1755197829.311867598,SETTLE,0.700,0.161,0.05861,1382,0,0,1382,1382,0,0
1755197829.362097165,SETTLE,0.700,0.161,0.05145,1380,0,0,1380,1380,0,0
1755197829.411804069,SETTLE,0.700,0.228,0.04629,1378,0,0,1378,1378,0,0
1755197829.461499805,SETTLE,0.700,0.228,0.07308,1375,0,0,1375,1375,0,0
1755197829.511618106,SETTLE,0.700,0.228,0.09170,1372,0,0,1372,1372,0,0
1755197829.561438483,SETTLE,0.700,0.228,0.09856,1370,0,0,1370,1370,0,0
1755197829.611552976,SETTLE,0.700,0.304,0.09242,1368,0,0,1368,1368,0,0
1755197829.661520491,SETTLE,0.700,0.304,0.08353,1365,0,0,1365,1365,0,0
1755197829.712168335,SETTLE,0.700,0.304,0.07871,1362,0,0,1362,1362,0,0
1755197829.761886471,SETTLE,0.700,0.304,0.07767,1360,0,0,1360,1360,0,0
1755197829.812189479,SETTLE,0.700,0.371,0.06552,1358,0,0,1358,1358,0,0
1755197829.861936415,SETTLE,0.700,0.371,0.07053,1355,0,0,1355,1355,0,0
1755197829.912058908,SETTLE,0.700,0.371,0.07690,1352,0,0,1352,1352,0,0
1755197829.961855509,SETTLE,0.700,0.371,0.07674,1350,0,0,1350,1350,0,0
1755197830.011895921,SETTLE,0.700,0.431,0.07449,1348,0,0,1348,1348,0,0
1755197830.062124816,SETTLE,0.700,0.431,0.08336,1345,0,0,1345,1345,0,0
1755197830.111801415,SETTLE,0.700,0.431,0.03768,1342,0,0,1342,1342,0,0
1755197830.162167336,SETTLE,0.700,0.431,0.00834,1340,0,0,1340,1340,0,0
1755197830.211729630,SETTLE,0.700,0.510,-0.00798,1338,0,0,1338,1338,0,0
1755197830.261515287,SETTLE,0.700,0.510,-0.00454,1335,0,0,1335,1335,0,0
1755197830.312210875,SETTLE,0.700,0.510,-0.01855,1332,0,0,1332,1332,0,0
1755197830.361584559,SETTLE,0.700,0.510,-0.03300,1330,0,0,1330,1330,0,0
1755197830.411914574,SETTLE,0.700,0.583,-0.03150,1328,0,0,1328,1328,0,0
1755197830.461999563,SETTLE,0.700,0.583,-0.03014,1325,0,0,1325,1325,0,0
1755197830.511552577,SETTLE,0.700,0.583,-0.02873,1322,0,0,1322,1322,0,0
1755197830.561553117,SETTLE,0.700,0.583,-0.02634,1320,0,0,1320,1320,0,0
1755197830.612169440,SETTLE,0.700,0.663,-0.01810,1318,0,0,1318,1318,0,0
1755197830.662090651,SETTLE,0.700,0.663,-0.02136,1315,0,0,1315,1315,0,0
1755197830.711552208,SETTLE,0.700,0.663,-0.00962,1312,0,0,1312,1312,0,0
1755197830.762165747,SETTLE,0.700,0.663,-0.01230,1310,0,0,1310,1310,0,0
1755197830.811587367,SETTLE,0.700,0.732,-0.03084,1308,0,0,1308,1308,0,0
1755197830.861522306,SETTLE,0.700,0.732,-0.03700,1305,0,0,1305,1305,0,0
1755197830.911548862,SETTLE,0.700,0.732,-0.03937,1302,0,0,1302,1302,0,0
1755197830.961550714,SETTLE,0.700,0.732,-0.04815,1300,0,0,1300,1300,0,0
1755197831.011941498,SETTLE,0.700,0.806,-0.04074,1298,0,0,1298,1298,0,0
1755197831.061727539,SETTLE,0.700,0.806,-0.03543,1295,0,0,1295,1295,0,0
1755197831.111526220,SETTLE,0.700,0.806,-0.03498,1292,0,0,1292,1292,0,0
1755197831.161556232,SETTLE,0.700,0.806,-0.03901,1290,0,0,1290,1290,0,0
1755197831.211553956,SETTLE,0.700,0.872,-0.05360,1288,0,0,1288,1288,0,0
1755197831.261496703,SETTLE,0.700,0.872,-0.05473,1285,0,0,1285,1285,0,0
1755197831.311794846,SETTLE,0.700,0.872,-0.06079,1282,0,0,1282,1282,0,0
1755197831.361695416,SETTLE,0.700,0.872,-0.07004,1280,0,0,1280,1280,0,0
1755197831.412071769,SETTLE,0.700,0.927,-0.06219,1279,0,0,1279,1279,0,0
1755197831.461511277,SETTLE,0.700,0.927,-0.07589,1278,0,0,1278,1278,0,0
1755197831.511528681,SETTLE,0.700,0.927,-0.06842,1277,0,0,1277,1277,0,0
1755197831.561676199,SETTLE,0.700,0.927,-0.07610,1277,0,0,1277,1277,0,0
1755197831.611978022,SETTLE,0.700,0.987,-0.07430,1280,0,0,1280,1280,0,0
1755197831.661506588,SETTLE,0.700,0.987,-0.08098,1282,0,0,1282,1282,0,0
1755197831.712032094,SETTLE,0.700,0.987,-0.08264,1284,0,0,1284,1284,0,0
1755197831.761566740,SETTLE,0.700,0.987,-0.06891,1287,0,0,1287,1287,0,0
1755197831.812088086,SETTLE,0.700,1.043,-0.05760,1290,0,0,1290,1290,0,0
1755197831.861626604,SETTLE,0.700,1.043,-0.06222,1292,0,0,1292,1292,0,0
1755197831.911593895,SETTLE,0.700,1.043,-0.05405,1294,0,0,1294,1294,0,0
1755197831.962005128,SETTLE,0.700,1.043,-0.06702,1297,0,0,1297,1297,0,0
1755197832.011608862,SETTLE,0.700,1.084,-0.05191,1300,0,0,1300,1300,0,0
1755197832.061627578,SETTLE,0.700,1.084,-0.05821,1302,0,0,1302,1302,0,0
1755197832.111499508,SETTLE,0.700,1.084,-0.04985,1304,0,0,1304,1304,0,0
1755197832.161702962,SETTLE,0.700,1.084,-0.04787,1307,0,0,1307,1307,0,0
1755197832.212043442,SETTLE,0.700,1.112,-0.03611,1310,0,0,1310,1310,0,0
1755197832.261745546,SETTLE,0.700,1.112,-0.03323,1312,0,0,1312,1312,0,0
1755197832.311521603,SETTLE,0.700,1.112,-0.02704,1314,0,0,1314,1314,0,0
1755197832.361599135,SETTLE,0.700,1.112,-0.02407,1317,0,0,1317,1317,0,0
1755197832.411757917,SETTLE,0.700,1.120,-0.01553,1320,0,0,1320,1320,0,0
1755197832.461542902,SETTLE,0.700,1.120,-0.02812,1322,0,0,1322,1322,0,0
1755197832.512147993,SETTLE,0.700,1.120,-0.02311,1324,0,0,1324,1324,0,0
1755197832.561793360,SETTLE,0.700,1.120,-0.01813,1327,0,0,1327,1327,0,0
1755197832.611572553,SETTLE,0.700,1.123,-0.00672,1330,0,0,1330,1330,0,0
1755197832.661711078,SETTLE,0.700,1.123,0.00147,1332,0,0,1332,1332,0,0
1755197832.711554688,SETTLE,0.700,1.123,-0.00129,1334,0,0,1334,1334,0,0
1755197832.761667293,SETTLE,0.700,1.123,-0.00372,1337,0,0,1337,1337,0,0
1755197832.811543383,SETTLE,0.700,1.114,-0.00792,1340,0,0,1340,1340,0,0
1755197832.861376337,SETTLE,0.700,1.114,-0.00627,1342,0,0,1342,1342,0,0
1755197832.911683728,SETTLE,0.700,1.114,-0.00424,1344,0,0,1344,1344,0,0
1755197832.961580202,SETTLE,0.700,1.114,0.01162,1347,0,0,1347,1347,0,0
1755197833.011583270,SETTLE,0.700,1.094,-0.00021,1350,0,0,1350,1350,0,0
1755197833.061423488,SETTLE,0.700,1.094,0.01564,1352,0,0,1352,1352,0,0
1755197833.111406267,SETTLE,0.700,1.094,0.01138,1354,0,0,1354,1354,0,0
1755197833.161766459,SETTLE,0.700,1.094,0.01049,1357,0,0,1357,1357,0,0
1755197833.211951865,SETTLE,0.700,1.067,-0.00044,1360,0,0,1360,1360,0,0
1755197833.261740466,SETTLE,0.700,1.067,-0.02735,1362,0,0,1362,1362,0,0
1755197833.311840751,SETTLE,0.700,1.067,-0.03077,1364,0,0,1364,1364,0,0
1755197833.361433894,SETTLE,0.700,1.067,-0.02707,1367,0,0,1367,1367,0,0
1755197833.411558307,SETTLE,0.700,1.054,-0.03259,1370,0,0,1370,1370,0,0
1755197833.461925571,SETTLE,0.700,1.054,-0.02035,1372,0,0,1372,1372,0,0
1755197833.512042880,SETTLE,0.700,1.054,-0.03691,1374,0,0,1374,1374,0,0
1755197833.562096380,SETTLE,0.700,1.054,-0.03494,1377,0,0,1377,1377,0,0
1755197833.611782516,SETTLE,0.700,1.016,-0.05681,1380,0,0,1380,1380,0,0
1755197833.661466156,SETTLE,0.700,1.016,-0.05704,1382,0,0,1382,1382,0,0
1755197833.711562728,SETTLE,0.700,1.016,-0.06213,1384,0,0,1384,1384,0,0
1755197833.762065418,SETTLE,0.700,1.016,-0.04299,1387,0,0,1387,1387,0,0
1755197833.811815779,SETTLE,0.700,0.992,-0.05288,1390,0,0,1390,1390,0,0
1755197833.920776716,SETTLE,0.700,0.992,-0.03693,1392,0,0,1392,1392,0,0
1755197833.961983960,SETTLE,0.700,0.992,-0.04958,1394,0,0,1394,1394,0,0
1755197834.011581390,SETTLE,0.700,0.964,-0.04632,1397,0,0,1397,1397,0,0
1755197834.062101937,SETTLE,0.700,0.964,-0.03555,1400,0,0,1400,1400,0,0
1755197834.111755400,SETTLE,0.700,0.964,-0.03637,1402,0,0,1402,1402,0,0
1755197834.162562702,SETTLE,0.700,0.964,-0.03602,1404,0,0,1404,1404,0,0
1755197834.211648318,SETTLE,0.700,0.933,-0.04875,1407,0,0,1407,1407,0,0
1755197834.261827132,SETTLE,0.700,0.933,-0.06585,1410,0,0,1410,1410,0,0
1755197834.312054330,SETTLE,0.700,0.933,-0.07058,1412,0,0,1412,1412,0,0
1755197834.361902612,SETTLE,0.700,0.933,-0.06765,1414,0,0,1414,1414,0,0
1755197834.411618476,SETTLE,0.700,0.901,-0.05503,1417,0,0,1417,1417,0,0
1755197834.461800106,SETTLE,0.700,0.901,-0.04636,1420,0,0,1420,1420,0,0
1755197834.511728932,SETTLE,0.700,0.901,-0.02784,1422,0,0,1422,1422,0,0
1755197834.561543550,SETTLE,0.700,0.901,-0.01709,1424,0,0,1424,1424,0,0
1755197834.612179617,SETTLE,0.700,0.857,-0.02393,1427,0,0,1427,1427,0,0
1755197834.661904185,SETTLE,0.700,0.857,-0.02906,1430,0,0,1430,1430,0,0
1755197834.711901269,SETTLE,0.700,0.857,-0.02737,1432,0,0,1432,1432,0,0
1755197834.762186164,SETTLE,0.700,0.857,-0.03238,1434,0,0,1434,1434,0,0
1755197834.812088175,SETTLE,0.700,0.808,-0.02428,1434,0,0,1434,1434,0,0
1755197834.861614692,SETTLE,0.700,0.808,-0.02147,1434,0,0,1434,1434,0,0
1755197834.911554655,SETTLE,0.700,0.808,-0.01126,1434,0,0,1434,1434,0,0
1755197834.961632860,SETTLE,0.700,0.808,-0.01300,1434,0,0,1434,1434,0,0
1755197835.011416596,STEP_POS,0.700,0.776,-0.02016,1432,0,0,1432,1432,0,0
1755197835.061643347,STEP_POS,0.700,0.776,-0.02023,1429,100,71,1500,1358,0,0
1755197835.111976115,STEP_POS,0.700,0.776,-0.04749,1427,100,73,1500,1354,0,0
1755197835.161532265,STEP_POS,0.700,0.776,-0.07751,1425,100,75,1500,1350,0,0
1755197835.211549477,STEP_POS,0.700,0.726,-0.10505,1422,100,78,1500,1344,0,0
1755197835.261844068,STEP_POS,0.700,0.726,-0.13390,1420,100,80,1500,1340,0,0
1755197835.311577404,STEP_POS,0.700,0.726,-0.14980,1418,100,82,1500,1336,0,0
1755197835.361777370,STEP_POS,0.700,0.726,-0.16897,1415,100,85,1500,1330,0,0
1755197835.411457234,STEP_POS,0.700,0.709,-0.20548,1412,100,88,1500,1324,0,0
1755197835.461484366,STEP_POS,0.700,0.709,-0.22112,1410,100,90,1500,1320,0,0
1755197835.511854766,STEP_POS,0.700,0.709,-0.25707,1408,100,92,1500,1316,0,0
1755197835.561551366,STEP_POS,0.700,0.709,-0.27403,1405,100,95,1500,1310,0,0
1755197835.611561506,STEP_POS,0.700,0.704,-0.29990,1402,100,98,1500,1304,0,0
1755197835.661649694,STEP_POS,0.700,0.704,-0.30412,1400,100,100,1500,1300,0,0
1755197835.712269026,STEP_POS,0.700,0.704,-0.33030,1398,100,100,1498,1298,0,0
1755197835.761600885,STEP_POS,0.700,0.704,-0.34519,1395,100,100,1495,1295,0,0
1755197835.811561168,STEP_POS,0.700,0.695,-0.34819,1392,100,100,1492,1292,0,0
1755197835.861701070,STEP_POS,0.700,0.695,-0.35818,1390,100,100,1490,1290,0,0
1755197835.911503015,STEP_POS,0.700,0.695,-0.38336,1388,100,100,1488,1288,0,0
1755197835.961679204,STEP_POS,0.700,0.695,-0.39284,1385,100,100,1485,1285,0,0
1755197836.011569215,STEP_POS,0.700,0.707,-0.40890,1382,100,100,1482,1282,0,0
1755197836.061705916,STEP_POS,0.700,0.707,-0.42321,1380,100,100,1480,1280,0,0
1755197836.111454868,STEP_POS,0.700,0.707,-0.42747,1378,100,100,1478,1278,0,0
1755197836.161572082,STEP_POS,0.700,0.707,-0.41104,1375,100,100,1475,1275,0,0
1755197836.211605710,STEP_POS,0.700,0.724,-0.40808,1372,100,100,1472,1272,0,0
1755197836.261582441,STEP_POS,0.700,0.724,-0.39701,1370,100,100,1470,1270,0,0
1755197836.311788839,STEP_POS,0.700,0.724,-0.39050,1368,100,100,1468,1268,0,0
1755197836.361477279,STEP_POS,0.700,0.724,-0.38942,1365,100,100,1465,1265,0,0
1755197836.411491483,STEP_POS,0.700,0.751,-0.38416,1362,100,100,1462,1262,0,0
1755197836.461802586,STEP_POS,0.700,0.751,-0.40935,1360,100,100,1460,1260,0,0
1755197836.511662868,STEP_POS,0.700,0.751,-0.42556,1358,100,100,1458,1258,0,0
1755197836.561782833,STEP_POS,0.700,0.751,-0.43108,1355,100,100,1455,1255,0,0
1755197836.612111569,STEP_POS,0.700,0.772,-0.44576,1352,100,100,1452,1252,0,0
1755197836.661637094,STEP_POS,0.700,0.772,-0.43399,1350,100,100,1450,1250,0,0
1755197836.711796484,STEP_POS,0.700,0.772,-0.42326,1348,100,100,1448,1248,0,0
1755197836.761768159,STEP_POS,0.700,0.772,-0.42415,1346,100,100,1446,1246,0,0
1755197836.811592185,STEP_POS,0.700,0.824,-0.43005,1348,100,100,1448,1248,0,0
1755197836.861487603,STEP_POS,0.700,0.824,-0.42408,1351,100,100,1451,1251,0,0
1755197836.911489519,STEP_POS,0.700,0.824,-0.43045,1354,100,100,1454,1254,0,0
1755197836.961613196,STEP_POS,0.700,0.824,-0.40296,1356,100,100,1456,1256,0,0
1755197837.011715689,STEP_POS,0.700,0.850,-0.39003,1358,100,100,1458,1258,0,0
1755197837.061602051,STEP_POS,0.700,0.850,-0.36816,1361,100,100,1461,1261,0,0
1755197837.111557758,STEP_POS,0.700,0.850,-0.36420,1364,100,100,1464,1264,0,0
1755197837.161568506,STEP_POS,0.700,0.850,-0.37502,1366,100,100,1466,1266,0,0
1755197837.211634070,STEP_POS,0.700,0.881,-0.39589,1368,100,100,1468,1268,0,0
1755197837.261676370,STEP_POS,0.700,0.881,-0.40820,1371,100,100,1471,1271,0,0
1755197837.311723791,STEP_POS,0.700,0.881,-0.42288,1374,100,100,1474,1274,0,0
1755197837.361647209,STEP_POS,0.700,0.881,-0.41361,1376,100,100,1476,1276,0,0
1755197837.411546628,STEP_POS,0.700,0.912,-0.40108,1378,100,100,1478,1278,0,0
1755197837.461481566,STEP_POS,0.700,0.912,-0.39322,1381,100,100,1481,1281,0,0
1755197837.511601755,STEP_POS,0.700,0.912,-0.40205,1384,100,100,1484,1284,0,0
1755197837.561492182,STEP_POS,0.700,0.912,-0.39485,1386,100,100,1486,1286,0,0
1755197837.611367824,STEP_POS,0.700,0.923,-0.40471,1388,100,100,1488,1288,0,0
1755197837.661606190,STEP_POS,0.700,0.923,-0.42459,1391,100,100,1491,1291,0,0
1755197837.712298931,STEP_POS,0.700,0.923,-0.42977,1394,100,100,1494,1294,0,0
1755197837.762761460,STEP_POS,0.700,0.923,-0.44094,1396,100,100,1496,1296,0,0
1755197837.811452991,STEP_POS,0.700,0.914,-0.43734,1398,100,100,1498,1298,0,0
1755197837.861470235,STEP_POS,0.700,0.914,-0.43078,1401,100,99,1500,1302,0,0
1755197837.911479223,STEP_POS,0.700,0.914,-0.41380,1404,100,96,1500,1308,0,0
1755197837.961613844,STEP_POS,0.700,0.914,-0.38837,1406,100,94,1500,1312,0,0
1755197838.011615984,RECOVER,0.700,0.913,-0.34634,1408,100,92,1500,1316,0,0
1755197838.062004528,RECOVER,0.700,0.913,-0.31688,1411,0,0,1411,1411,0,0
1755197838.112089837,RECOVER,0.700,0.913,-0.28590,1414,0,0,1414,1414,0,0
1755197838.162056168,RECOVER,0.700,0.913,-0.23887,1416,0,0,1416,1416,0,0
1755197838.211616542,RECOVER,0.700,0.892,-0.18207,1418,0,0,1418,1418,0,0
1755197838.262271714,RECOVER,0.700,0.892,-0.14224,1421,0,0,1421,1421,0,0
1755197838.311565205,RECOVER,0.700,0.892,-0.12210,1424,0,0,1424,1424,0,0
1755197838.361589777,RECOVER,0.700,0.892,-0.10535,1426,0,0,1426,1426,0,0
1755197838.411800719,RECOVER,0.700,0.862,-0.08713,1428,0,0,1428,1428,0,0
1755197838.461607016,RECOVER,0.700,0.862,-0.08899,1431,0,0,1431,1431,0,0
1755197838.511706565,RECOVER,0.700,0.862,-0.09228,1434,0,0,1434,1434,0,0
1755197838.562034597,RECOVER,0.700,0.862,-0.09676,1436,0,0,1436,1436,0,0
1755197838.611579131,RECOVER,0.700,0.825,-0.10493,1438,0,0,1438,1438,0,0
1755197838.662026684,RECOVER,0.700,0.825,-0.12163,1441,0,0,1441,1441,0,0
1755197838.711714900,RECOVER,0.700,0.825,-0.12470,1444,0,0,1444,1444,0,0
1755197838.761554509,RECOVER,0.700,0.825,-0.12788,1446,0,0,1446,1446,0,0
1755197838.811485768,RECOVER,0.700,0.778,-0.12216,1448,0,0,1448,1448,0,0
1755197838.915965944,RECOVER,0.700,0.778,-0.12216,1451,0,0,1451,1451,0,0
1755197838.961528187,RECOVER,0.700,0.778,-0.07850,1454,0,0,1454,1454,0,0
1755197839.011718745,RECOVER,0.700,0.742,-0.06859,1454,0,0,1454,1454,0,0
1755197839.061633012,RECOVER,0.700,0.742,-0.06337,1454,0,0,1454,1454,0,0
1755197839.111719633,RECOVER,0.700,0.742,-0.05945,1454,0,0,1454,1454,0,0
1755197839.161638603,RECOVER,0.700,0.742,-0.04704,1454,0,0,1454,1454,0,0
1755197839.211590662,RECOVER,0.700,0.687,-0.04213,1452,0,0,1452,1452,0,0
1755197839.261522017,RECOVER,0.700,0.687,-0.02396,1449,0,0,1449,1449,0,0
1755197839.311478332,RECOVER,0.700,0.687,-0.01555,1446,0,0,1446,1446,0,0
1755197839.361494648,RECOVER,0.700,0.687,-0.01944,1444,0,0,1444,1444,0,0
1755197839.411479059,RECOVER,0.700,0.646,-0.01035,1442,0,0,1442,1442,0,0
1755197839.462093431,RECOVER,0.700,0.646,-0.00747,1439,0,0,1439,1439,0,0
1755197839.511513419,RECOVER,0.700,0.646,0.00682,1436,0,0,1436,1436,0,0
1755197839.561652584,RECOVER,0.700,0.646,0.01328,1434,0,0,1434,1434,0,0
1755197839.611748581,RECOVER,0.700,0.623,0.01963,1432,0,0,1432,1432,0,0
1755197839.661675328,RECOVER,0.700,0.623,0.03171,1429,0,0,1429,1429,0,0
1755197839.711947999,RECOVER,0.700,0.623,0.05405,1426,0,0,1426,1426,0,0
1755197839.761606390,RECOVER,0.700,0.623,0.06360,1424,0,0,1424,1424,0,0
1755197839.811970870,RECOVER,0.700,0.579,0.06533,1422,0,0,1422,1422,0,0
1755197839.861528972,RECOVER,0.700,0.579,0.07924,1419,0,0,1419,1419,0,0
1755197839.911795243,RECOVER,0.700,0.579,0.06644,1416,0,0,1416,1416,0,0
1755197839.961803783,RECOVER,0.700,0.579,0.07159,1414,0,0,1414,1414,0,0
1755197840.011594656,RECOVER,0.700,0.566,0.07514,1412,0,0,1412,1412,0,0
1755197840.061502330,RECOVER,0.700,0.566,0.07561,1409,0,0,1409,1409,0,0
1755197840.111442901,RECOVER,0.700,0.566,0.06548,1406,0,0,1406,1406,0,0
1755197840.161998712,RECOVER,0.700,0.566,0.06531,1404,0,0,1404,1404,0,0
1755197840.211724112,RECOVER,0.700,0.549,0.05145,1402,0,0,1402,1402,0,0
1755197840.261909614,RECOVER,0.700,0.549,0.04646,1399,0,0,1399,1399,0,0
1755197840.311922026,RECOVER,0.700,0.549,0.03318,1396,0,0,1396,1396,0,0
1755197840.361673730,RECOVER,0.700,0.549,0.04369,1394,0,0,1394,1394,0,0
1755197840.411960705,RECOVER,0.700,0.570,0.04201,1392,0,0,1392,1392,0,0
1755197840.461717594,RECOVER,0.700,0.570,0.04918,1389,0,0,1389,1389,0,0
1755197840.511641461,RECOVER,0.700,0.570,0.04815,1386,0,0,1386,1386,0,0
1755197840.562079638,RECOVER,0.700,0.570,0.05126,1384,0,0,1384,1384,0,0
1755197840.612184435,RECOVER,0.700,0.585,0.04149,1382,0,0,1382,1382,0,0
1755197840.661547110,RECOVER,0.700,0.585,0.02505,1379,0,0,1379,1379,0,0
1755197840.711524514,RECOVER,0.700,0.585,0.01602,1376,0,0,1376,1376,0,0
1755197840.761576926,RECOVER,0.700,0.585,-0.00208,1374,0,0,1374,1374,0,0
1755197840.812087904,RECOVER,0.700,0.584,0.00258,1372,0,0,1372,1372,0,0
1755197840.862018523,RECOVER,0.700,0.584,0.01286,1369,0,0,1369,1369,0,0
1755197840.911442895,RECOVER,0.700,0.584,0.02140,1366,0,0,1366,1366,0,0
1755197840.961449323,RECOVER,0.700,0.584,0.01094,1364,0,0,1364,1364,0,0
1755197841.011520039,STEP_NEG,0.700,0.613,0.00663,1362,0,0,1362,1362,0,0
1755197841.061583684,STEP_NEG,0.700,0.613,0.00634,1359,-100,-100,1259,1459,0,0
1755197841.111694017,STEP_NEG,0.700,0.613,0.00686,1356,-100,-100,1256,1456,0,0
1755197841.161559195,STEP_NEG,0.700,0.613,0.05025,1354,-100,-100,1254,1454,0,0
1755197841.211877754,STEP_NEG,0.700,0.640,-0.02077,1352,-100,-100,1252,1452,0,0
1755197841.261552754,STEP_NEG,0.700,0.640,-0.23752,1349,-100,-100,1249,1449,0,0
1755197841.311610478,STEP_NEG,0.700,0.640,-0.43846,1346,-100,-100,1246,1446,0,0
1755197841.362334195,STEP_NEG,0.700,0.640,-0.58027,1344,-100,-100,1244,1444,0,0
1755197841.411574981,STEP_NEG,0.700,0.646,-0.57840,1342,-100,-100,1242,1442,0,0
1755197841.461711522,STEP_NEG,0.700,0.646,-0.49597,1339,-100,-100,1239,1439,0,0
1755197841.511573468,STEP_NEG,0.700,0.646,-0.44478,1336,-100,-100,1236,1436,0,0
1755197841.562018269,STEP_NEG,0.700,0.646,-0.36355,1334,-100,-100,1234,1434,0,0
1755197841.611556371,STEP_NEG,0.700,0.656,-0.28976,1332,-100,-100,1232,1432,0,0
1755197841.662291992,STEP_NEG,0.700,0.656,-0.20071,1329,-100,-100,1229,1429,0,0
1755197841.712018032,STEP_NEG,0.700,0.656,-0.15153,1326,-100,-100,1226,1426,0,0
1755197841.761559910,STEP_NEG,0.700,0.656,-0.12889,1324,-100,-100,1224,1424,0,0
1755197841.812050920,STEP_NEG,0.700,0.692,-0.13959,1322,-100,-100,1222,1422,0,0
1755197841.861641502,STEP_NEG,0.700,0.692,-0.16584,1319,-100,-100,1219,1419,0,0
1755197841.911868893,STEP_NEG,0.700,0.692,-0.21256,1316,-100,-100,1216,1416,0,0
1755197841.961599701,STEP_NEG,0.700,0.692,-0.25381,1314,-100,-100,1214,1414,0,0
1755197842.011483567,STEP_NEG,0.700,0.734,-0.26056,1312,-100,-100,1212,1412,0,0
1755197842.061477515,STEP_NEG,0.700,0.734,-0.22989,1309,-100,-100,1209,1409,0,0
1755197842.111437766,STEP_NEG,0.700,0.734,-0.11835,1306,-100,-100,1206,1406,0,0
1755197842.161789094,STEP_NEG,0.700,0.734,-0.08221,1304,-100,-100,1204,1404,0,0
1755197842.212040197,STEP_NEG,0.700,0.754,-0.09461,1302,-100,-100,1202,1402,0,0
1755197842.262222338,STEP_NEG,0.700,0.754,-0.13764,1300,-100,-100,1200,1400,0,0
1755197842.311626198,STEP_NEG,0.700,0.754,-0.18584,1298,-100,-100,1198,1398,0,0
1755197842.361722355,STEP_NEG,0.700,0.754,-0.22565,1296,-100,-100,1196,1396,0,0
1755197842.411573421,STEP_NEG,0.700,0.798,-0.20618,1298,-100,-100,1198,1398,0,0
1755197842.461655338,STEP_NEG,0.700,0.798,-0.19059,1300,-100,-100,1200,1400,0,0
1755197842.511731622,STEP_NEG,0.700,0.798,-0.15254,1302,-100,-100,1202,1402,0,0
1755197842.561773154,STEP_NEG,0.700,0.798,-0.13554,1304,-100,-100,1204,1404,0,0
1755197842.611666941,STEP_NEG,0.700,0.854,-0.13156,1307,-100,-100,1207,1407,0,0
1755197842.661717369,STEP_NEG,0.700,0.854,-0.12704,1310,-100,-100,1210,1410,0,0
1755197842.711453457,STEP_NEG,0.700,0.854,-0.11418,1312,-100,-100,1212,1412,0,0
1755197842.761687568,STEP_NEG,0.700,0.854,-0.09420,1314,-100,-100,1214,1414,0,0
1755197842.811488617,STEP_NEG,0.700,0.894,-0.09446,1317,-100,-100,1217,1417,0,0
1755197842.861453540,STEP_NEG,0.700,0.894,-0.11402,1320,-100,-100,1220,1420,0,0
1755197842.911421407,STEP_NEG,0.700,0.894,-0.15026,1322,-100,-100,1222,1422,0,0
1755197842.961488444,STEP_NEG,0.700,0.894,-0.15984,1324,-100,-100,1224,1424,0,0
1755197843.011606201,STEP_NEG,0.700,0.918,-0.12643,1327,-100,-100,1227,1427,0,0
1755197843.061513139,STEP_NEG,0.700,0.918,-0.06280,1330,-100,-100,1230,1430,0,0
1755197843.111471694,STEP_NEG,0.700,0.918,0.03358,1332,-100,-100,1232,1432,0,0
1755197843.161769518,STEP_NEG,0.700,0.918,0.05292,1334,-100,-100,1234,1434,0,0
1755197843.211472102,STEP_NEG,0.700,0.934,-0.02487,1337,-100,-100,1237,1437,0,0
1755197843.261573026,STEP_NEG,0.700,0.934,-0.07261,1340,-100,-100,1240,1440,0,0
1755197843.311460669,STEP_NEG,0.700,0.934,-0.08776,1342,-100,-100,1242,1442,0,0
1755197843.361569690,STEP_NEG,0.700,0.934,-0.08367,1344,-100,-100,1244,1444,0,0
1755197843.411446836,STEP_NEG,0.700,0.828,-0.04140,1347,-100,-100,1247,1447,0,0
1755197843.461491728,STEP_NEG,0.700,0.828,-0.00674,1350,-100,-100,1250,1450,0,0
1755197843.511494667,STEP_NEG,0.700,0.828,0.06405,1352,-100,-100,1252,1452,0,0
1755197843.561900076,STEP_NEG,0.700,0.828,0.07768,1354,-100,-100,1254,1454,0,0
1755197843.611664741,STEP_NEG,0.700,0.658,0.09474,1352,-100,-100,1252,1452,0,0
1755197843.661669665,STEP_NEG,0.700,0.658,0.08051,1350,-100,-100,1250,1450,0,0
1755197843.711878111,STEP_NEG,0.700,0.658,0.09606,1347,-100,-100,1247,1447,0,0
1755197843.761612183,STEP_NEG,0.700,0.658,0.11968,1344,-100,-100,1244,1444,0,0
1755197843.811457617,STEP_NEG,0.700,0.510,0.12881,1342,-100,-100,1242,1442,0,0
1755197843.917764472,STEP_NEG,0.700,0.510,0.12881,1340,-100,-100,1240,1440,0,0
1755197843.961662502,STEP_NEG,0.700,0.510,0.14535,1337,-100,-100,1237,1437,0,0
1755197844.012639630,RECOVER2,0.700,0.375,0.16757,1334,-100,-100,1234,1434,0,0
1755197844.061785023,RECOVER2,0.700,0.375,0.20385,1332,0,0,1332,1332,0,0
1755197844.112499044,RECOVER2,0.700,0.375,0.20640,1330,0,0,1330,1330,0,0
1755197844.161559763,RECOVER2,0.700,0.375,0.11420,1327,0,0,1327,1327,0,0
1755197844.211477518,RECOVER2,0.700,0.280,0.10264,1324,0,0,1324,1324,0,0
1755197844.261714380,RECOVER2,0.700,0.280,0.11537,1322,0,0,1322,1322,0,0
1755197844.312019788,RECOVER2,0.700,0.280,0.13376,1320,0,0,1320,1320,0,0
1755197844.361534017,RECOVER2,0.700,0.280,0.15162,1317,0,0,1317,1317,0,0
1755197844.411915714,RECOVER2,0.700,0.220,0.13950,1314,0,0,1314,1314,0,0
1755197844.461620378,RECOVER2,0.700,0.220,0.09550,1312,0,0,1312,1312,0,0
1755197844.511436211,RECOVER2,0.700,0.220,0.03801,1310,0,0,1310,1310,0,0
1755197844.561564688,RECOVER2,0.700,0.220,-0.00705,1307,0,0,1307,1307,0,0
1755197844.611713614,RECOVER2,0.700,0.182,-0.06156,1304,0,0,1304,1304,0,0
1755197844.661443718,RECOVER2,0.700,0.182,-0.07533,1302,0,0,1302,1302,0,0
1755197844.711473346,RECOVER2,0.700,0.182,-0.07266,1300,0,0,1300,1300,0,0
1755197844.761861538,RECOVER2,0.700,0.182,-0.03437,1297,0,0,1297,1297,0,0
1755197844.811763773,RECOVER2,0.700,0.162,-0.02435,1294,0,0,1294,1294,0,0
1755197844.861475669,RECOVER2,0.700,0.162,-0.01655,1292,0,0,1292,1292,0,0
1755197844.911459920,RECOVER2,0.700,0.162,-0.02330,1290,0,0,1290,1290,0,0
1755197844.961439723,RECOVER2,0.700,0.162,-0.04086,1287,0,0,1287,1287,0,0
1755197845.011716811,RECOVER2,0.700,0.133,-0.05220,1284,0,0,1284,1284,0,0