seed,map_hash,outcome,time_s,cumulative_turn_deg,steering_tv_per_s,yaw_reversals,peak_yaw_deg_s,peak_yaw_accel_deg_s2,min_circle_clearance_m,compute_s
2000,60fba95e0ce45726,success,44.88,242.9065295048897,0.2977651140065133,3,21.665336593711498,20.761722146632625,-0.1493315354886552,5.34683599300115
2001,73d6dd461c8d3c98,success,63.92,279.5018210237663,0.3067642612743467,9,16.881368141722714,17.546413825114715,-0.21079281281322493,5.255485030997079
2002,3297f72b5c746989,success,48.88,244.59658517612274,0.2586943994678457,5,16.86201150196249,13.445673376280414,-0.2604946144655206,3.77091345000008
2003,8a9bbcbbeeee5fd8,success,52.44,310.72145620240116,0.3572166334948675,4,18.555362156783087,22.356865875877737,-0.22624797456279352,6.278047297997546
2004,c751461a6765e4b9,success,100.44,694.212817940534,0.47050105876294657,15,27.45939579949615,26.086495780662464,-0.2558119802377746,8.577436149000278
2005,8b2cf7b9e229f389,success,53.96,382.39179898239433,0.5001723529426121,4,19.871355120614155,21.861931140763215,-0.13527512273594383,4.919678908001515
2006,4aa83931d6ddeb42,success,57.04,423.2075426366721,0.5160154497866936,9,17.381940390059604,29.108955774866995,-0.2606365892208294,7.103275675999612
2007,0892db26cf515bed,success,41.800000000000004,250.2903671601328,0.34345987257111105,5,19.580451996169153,19.86977319415183,-0.18839718162120178,3.5008309750010085
2008,66faf7792b29e059,success,46.24,171.64628043605808,0.29190834711536795,3,17.905571361095475,16.25549169819214,-0.2549544954787288,3.506416108000849
2009,ec5398d1697712a8,success,60.64,318.4170382077173,0.33251491469642613,10,18.684644856282322,25.384473646243897,-0.20464668763326302,4.850801370997942
2010,62d40b66c1091e58,success,69.76,364.9714248043639,0.27048097291433293,6,18.920072181068967,16.886580576186144,-0.2518147678541176,5.5145596629990905
2011,6b3fc05e98866656,success,64.16,390.7245769938463,0.3623464114188567,9,16.962545533631957,20.154428745970453,-0.22448396245055832,5.7005142089983565
2012,21dad00fcaf3b3d2,success,68.56,402.06951112584164,0.38082686769513596,10,23.812573629682337,20.766459889678273,-0.3025981539509921,7.723910772998352
2013,0ddd628ff8890ba9,success,66.52,268.39074696139573,0.37397397950009414,12,14.132196156092274,21.692545072535076,-0.25325420091259687,9.752456649999658
2014,d468eeaaf2c6eac4,success,44.68,156.75593123280004,0.34065427443133156,2,16.959173427411155,14.349154327280994,-0.2247184387899358,3.50689096899805
2015,4d391eb9bfe349fd,success,52.04,394.81150728717864,0.4654263621329349,9,20.732644746566955,34.10428922077419,-0.18842928839619874,4.6952737890023855
2016,9bcf71bb5df54fe6,success,72.0,418.7256940954389,0.429189468433294,9,18.741539420176647,23.5322476188999,-0.24150946602858553,5.572122443001717
2017,850e58b9f98e1a01,success,81.88,424.2139749071483,0.3887791795857339,9,18.863650513819827,22.616662992441032,-0.2754439086335785,7.718022452998412
2018,4898b8356843d230,success,43.04,221.24097766197593,0.4016946854005692,3,18.19780874156075,29.071343032169462,-0.14491551959372656,3.314591581998684
2019,fbed22451aa2c8ab,success,59.480000000000004,434.13588458615374,0.4123702248055375,10,22.066314844353332,23.92822746235518,-0.23893722792231628,5.543682684998203
2020,b3624f590712f9f1,success,55.28,287.7935319409403,0.30764117729001167,9,17.08768546439779,13.903676736057673,-0.21001840480889356,4.115842054001405
2021,daf22d5727fa4d07,success,64.96000000000001,466.8173978509876,0.32861469931425774,9,21.235158534344247,26.50830920396247,-0.23548187530349252,5.112371955001436
2022,2414374d358a97f6,success,59.36,290.4896553524728,0.3804054446989993,7,15.03851609522283,28.822295862672867,-0.2276523419081147,4.699220075999619
2023,58aeeacf1cc4598d,success,58.72,397.3587212486263,0.3288085267912538,6,19.885336376086244,21.988974319054126,-0.19887995938981845,5.910545048998756
2024,f2d47164532aa4e9,success,48.88,312.14630315146263,0.2119318120127234,3,21.146892746979415,24.879783876834786,-0.21812979299708046,3.9059300450026058
2025,7de5bb4a16bf81b3,success,79.92,468.40967349416195,0.4226079414033855,14,25.26999643621921,25.843957807606767,-0.1411905794006577,7.041733193000255
2026,3c82dec880a49fbb,success,45.12,191.449491271575,0.2215751623806986,3,13.092611024541654,15.665117695357065,-0.2416166292869896,5.244007235000026
2027,fbaf304bda02cd1b,success,49.28,241.24905064696927,0.29444727775824886,6,21.800374574303696,22.074382744117113,-0.23026733738631264,3.572026043002552
2028,d4f063d80942de4c,success,88.60000000000001,496.6347456119538,0.4275249262523547,11,21.53568345806511,23.93884745862598,-0.2047023821144407,7.700770562001708
2029,0a658b4da82053ff,success,51.160000000000004,240.58222719709045,0.2430669368363592,6,16.930227938819403,14.551594539361691,-0.14091185072046528,5.205512360997091
2030,bc635989de625eea,success,55.32,361.12190616002226,0.34497425533029014,7,22.301301232224358,21.914320695245816,-0.2580310824619789,8.44044659499923
2031,65d64a9de33d40a8,success,101.48,661.7023738704343,0.4497858081848509,16,23.128978404754033,27.71158690534584,-0.24681560824714738,7.581091160001961
2032,8d22f9eb2ec6226b,success,49.160000000000004,206.4290943443545,0.3203146254672891,4,12.861559538635705,24.164507734357695,-0.23425738686660325,4.095674855998368
2033,8074161f919b7e24,success,109.48,699.9705242653641,0.4040575152170192,18,21.33458451901146,20.766153233545452,-0.20660571457342983,11.412733196000772
2034,6985235c83881fe2,success,80.96000000000001,423.5160021545385,0.36424482780740974,14,21.239054933759046,27.42111571950249,-0.1948218575792947,7.558711948000564
2035,6f38c1731543f430,success,50.76,285.3268079152261,0.43685929140877783,6,22.74188843585318,26.781210120174624,-0.16272327411317122,4.321221728001547
2036,02584acc941b885a,success,63.04,365.7153864476176,0.4138795293226696,10,17.319229128712355,24.98415281209428,-0.24485615513479517,5.914676773998508
2037,f61aff4f3dc2d6cd,success,46.24,284.08621123010477,0.35316096457040547,9,17.25214679589393,24.648553543852042,-0.23959867478652,3.9276431930011313
2038,7e47572eb0c3e626,success,58.28,362.94550649053025,0.3497216533845669,8,23.416898324567835,23.122804844361283,-0.2652414167137245,4.233741905998613
2039,224a2563a528dcef,success,58.76,342.06321240019764,0.27600418806277266,9,16.047382662556846,20.11486437359625,-0.2772657317067636,4.740396566001436
2040,73172fd07e7d130a,success,66.36,372.44278732994377,0.48252391585602133,12,18.29427905930987,24.1832708390074,-0.18006738041658069,5.876801930997317
2041,9dc84f06747ead01,success,47.68,272.2020111362676,0.44142524221763707,7,16.914531743061406,18.688315604013564,-0.2968294504070626,4.437800224997773
2042,48507b7ba1432f34,success,136.72,736.0505917735519,0.42398134580645397,24,19.319307650133222,28.130307718700802,-0.3023712895242672,11.316108931998315
2043,f268b69a88f5da60,success,68.8,434.87309306827046,0.4966515622045988,13,18.9268747253582,28.480280566467396,-0.200737657047156,8.235212476000015
2044,a27acb2a182e3b10,success,68.48,356.443370021938,0.34732906954911613,10,17.77527246875375,20.269571084133506,-0.22330725065861215,7.06084716300029
2045,56f5121d3474f6ee,success,67.04,383.1537681228998,0.3665577684616601,11,16.280959186114654,24.647706149133267,-0.18590120257318346,5.821889127000759
2046,d07980823fdabc68,success,43.2,233.05018717363942,0.23724012362848598,5,16.920268927348445,11.41693536543096,-0.14800472863865224,3.3760208200001216
2047,2aa8b317a2e15237,success,63.120000000000005,323.6777003665051,0.319121610391607,10,16.026683128845356,21.058761173663605,-0.29768581496288066,5.158037741002772
2048,1394c719da189000,success,35.68,101.58842948122326,0.203739307578579,2,12.011124824340001,19.039226851974824,-0.15153949650148918,3.495869202000904
2049,9c8a6ec7ab9f2ca9,success,58.32,406.07344528442684,0.3462490983918654,6,21.74759592820007,26.850928063792566,-0.17583148582847855,4.654492311001377
2050,23b90787a29e0e05,success,61.68,484.1416403749584,0.34193603567406544,8,20.805010260805535,26.118363619082697,-0.18611566375048028,4.592931977997068
2051,c27fa374bd00b2d4,success,40.4,196.93951834678742,0.23337687361525059,5,16.469248137955745,21.628832816764334,-0.26189216003524635,5.235554866001621
2052,cca680d4a663473e,success,53.32,338.4677949166474,0.3523969018918433,6,20.51406944090878,29.48863647480217,-0.21433504077787988,3.8759879899989755
2053,fb2d7ecb9370ff93,success,55.72,377.45968988817174,0.578127277924965,10,20.248822032423615,28.519449714764786,-0.27682989363804894,4.138636714000313
2054,c84c94f1dee05fe1,success,48.92,316.72216166248495,0.3778583154608509,6,19.869115172775285,21.76249567537434,-0.21432937889153394,3.68094722800015
2055,8e7576f012818a38,success,48.04,227.23306121604514,0.4854005572784506,7,16.712803528980672,24.735927468554237,-0.2777766922145429,4.447848990999773
2056,893f4dd327ff2956,success,80.64,556.7555371812134,0.39866757616036613,10,20.37245104937158,22.7565322549767,-0.19126702757331898,7.488588582000375
2057,86ef3e1cbc8745b0,success,44.6,323.7864080080852,0.3235570905337243,4,20.509118564237962,19.105607830917695,-0.12798626011895478,3.90641025199875
2058,37feac633cc17b70,success,88.32000000000001,493.19589241029036,0.46069305244660286,17,17.535475794246864,23.713792396326287,-0.23831785964889007,8.17291108399877
2059,730f91e6bd97af91,success,96.0,485.8603999409462,0.35760719133960645,15,17.963272053759574,17.84286167226795,-0.2569617359025227,7.917070095998497
2060,0d48a34bab34b2b8,success,40.36,245.02884908832561,0.3472164777576273,7,18.248221099264715,28.64215742090077,-0.2081795653866422,3.121466522999981
2061,ecaaf7d40c9968cb,success,59.64,313.6806602836655,0.26211513210765014,8,19.543709705099367,24.685891833315715,-0.24887713345167056,5.352007623998361
2062,a84dd8028724a972,success,94.92,391.73544331281744,0.34980529139657157,16,17.29465818439856,28.654205724674547,-0.22850238219267355,10.539961268001207
2063,9176ccc91a801cfa,success,63.96,352.6038950355138,0.4919275091793896,9,18.968146467543633,20.75163832898339,-0.2861962653359596,8.773849186000007
2064,74dfc4b642d82e5c,success,60.24,439.8297610238562,0.40258475397952515,9,21.70370116316879,28.04816170148671,-0.2800906720917952,5.9727477919986995
2065,199fc50ce5b7364f,success,138.36,743.2248398966158,0.4518970381146279,23,17.829184253524083,24.79702133237307,-0.2056090061693476,20.522412775000703
2066,8a169ad65020046b,success,46.76,227.78951597263764,0.34733756625011497,6,19.402090993068622,16.43703790911764,-0.24260338925641392,4.008598317999713
2067,9a168fc2c661ab59,success,91.72,474.36220173646507,0.40498555618067755,20,20.269645395798513,29.937383687920928,-0.2174177718423657,7.189262736003002
2068,d5538baec457acd6,success,39.92,144.99761245559765,0.39329528187827373,4,15.90165152237683,22.717325494744852,-0.19290819688685076,4.074513553998258
2069,8ad7d98852fed39b,success,84.32000000000001,351.24474563347644,0.35108271587223466,13,25.483925163308932,30.961722228657905,-0.1696873965434692,6.291823786999885
2070,936e5acc634398f1,success,50.56,387.05241673243165,0.4339444484226157,9,22.875420322477268,30.989483023490084,-0.18409324650976203,6.0604213059996255
2071,5107ff5751e542bb,success,40.64,219.99407435380823,0.29500215246973627,5,16.390187882986552,19.050080569849754,-0.21209291891584128,4.719158612999308
2072,14ea6756ae1d155f,success,63.6,338.84085164762087,0.5194449169073297,12,17.93313288828183,26.618052403137792,-0.17208535089285162,6.012210304998007
2073,b9d8466561f9e4d5,success,112.60000000000001,626.9639198930577,0.4804387305918551,27,20.604168710614196,30.98903492976918,-0.25946356729965175,10.143050304999633
2074,9f67a40194afec91,success,70.0,452.9156354922243,0.469486453094418,8,18.984918524877124,20.245059369843485,-0.1706963631995501,5.079656650999823
2075,d947157fc36b990b,success,50.56,245.93338279512122,0.45804419253257755,8,15.524847628543032,23.690273289705996,-0.24821409558537966,3.582982007999817
2076,244c1102a66fd7f3,success,64.68,434.87813707998805,0.48184624151685795,10,23.571705906027976,30.220471900102147,-0.28478795163647747,5.0137910039993585
2077,85e1c336f998d5f9,success,48.36,274.0122865326764,0.3104658175129975,4,19.948391493256498,18.896094052421297,-0.20502784546923394,5.853893225998036
2078,10ec2c7aa076d88e,success,47.160000000000004,260.9813800439356,0.2987921420804847,5,16.24211567192558,21.051727475875644,-0.16125901119759034,4.080349239000498
2079,c445cd93a157310c,success,54.88,291.2196035805386,0.3798572927930677,7,19.22184962630694,26.78749011868048,-0.17406333385514658,7.206304123999871
2080,2e18dfd7fbf98af1,success,81.56,439.67760006920696,0.4238636112202259,13,18.549142924978995,28.87482838084699,-0.24165786942392997,7.321146457998111
2081,321f802722680804,success,57.72,395.1370379351818,0.49068102498269134,9,21.80589748878469,24.512270265194164,-0.22157656689139016,7.696067255001253
2082,5649fb8636262e7a,success,63.6,332.5857120042886,0.43218566099790734,8,20.897427934814402,28.711456958060314,-0.2543042579401758,5.786155558002065
2083,40039e72736d1482,success,43.64,239.96410705575346,0.2816041027403346,6,18.931462793701687,19.860844134817796,-0.14545963811047827,3.16547139999966
2084,0ac8c3920dfc2f70,success,49.92,316.04149382199256,0.2866585945670978,5,17.047036827416775,21.108784908965067,-0.14769231963495272,4.26404770100271
2085,7d61d25790fb68c0,success,113.64,697.0263012382444,0.4389444219164804,18,19.892702879965952,27.698923489544214,-0.2650334247055919,12.411773195999558
2086,4d81986cf969cda6,success,64.44,310.44619777313164,0.33713756742782836,5,17.019535722726577,23.765997359945324,-0.1955052937131721,6.943816869003058
2087,c7299ae8b6dbd197,success,135.44,680.9459768629108,0.3308853700372254,19,17.432023630471182,21.607934614701705,-0.24977972954322566,12.309561865000433
2088,d518803cb039d061,success,59.32,303.5860114788293,0.25699430866956097,7,15.312829418768908,22.744969359926863,-0.27459084007570467,5.1014465450025455
2089,d72795a1f56372da,success,63.24,427.7378560485417,0.4512015226554851,11,23.99232135713027,25.738971794901975,-0.22438206561119445,4.861742328001128
2090,31a16d6807cb3bb8,success,56.160000000000004,322.5604825728068,0.3244239914407146,7,19.06456702123635,21.079651271532946,-0.23019813900701094,4.255400157999247
2091,d9782a03567ed19d,success,45.32,212.55077172228567,0.39982389665297574,8,17.13253088315661,25.909227000388807,-0.23677229157616891,3.5509925410005962
2092,07a05143ba1b6997,success,46.04,335.62375472430864,0.3829829816871536,5,20.49190955569606,22.23776915600316,-0.2703422273018289,3.910112223999022
2093,f94bee32a049ed56,success,77.64,434.7397786036324,0.41142860853690966,11,18.561586238759368,20.36218371973441,-0.1673888524954637,11.491588568002044
2094,974e4b10326af670,success,51.96,269.93001312139324,0.37192720613468105,6,20.455626278266124,21.747816145803455,-0.20606505627179061,4.057745744998101
2095,3376f9a3a65e63b8,success,57.76,374.2135659298271,0.34244136945197173,7,18.986300517013202,19.39138205989936,-0.16664772301219485,5.303844343001401
2096,6cfc75866f591698,success,43.96,229.19772688603777,0.3151877722507652,6,18.067845575524657,16.65720473239883,-0.18123587324876383,3.17401697799869
2097,d696433efb43ef84,success,51.800000000000004,297.8033619908064,0.29513582568214275,7,13.64020076155467,23.666745587226295,-0.1019446902793102,4.1056479059989215
2098,ec8c882b49a6de4f,success,45.12,318.7706018048805,0.47444555717151227,9,17.2005894128038,18.396785180308207,-0.18976615333939692,4.857742507996591
2099,08437a55383e85cd,success,38.56,145.34365876944568,0.23179115273467005,2,12.7960116053817,13.71439483040132,-0.1667282338156872,3.468900215000758
2100,7163b4f97f11d976,success,82.04,563.1750604511333,0.38873862121296937,15,20.807890706370603,27.74570746067035,-0.19808318325466318,6.546294546002173
2101,22a77942c40840f8,success,59.52,451.18732367356876,0.5053809594550328,8,24.086696131789495,35.00929744992,-0.24124896105835547,5.64536678299919
2102,b723c7670f4bed36,success,44.2,245.7258545164625,0.4538695251340024,8,14.268265362456104,19.485293197664877,-0.16908841705927685,3.0788977459997113
2103,ef19c4d69d8290c9,success,47.64,256.6271299150951,0.3512172319696392,5,17.945442175336712,24.91342083836552,-0.15844322244584247,3.4556966300006025
2104,153024dcc40f6683,success,45.800000000000004,275.2629454550255,0.26433353036110624,5,18.92362362083314,18.55731207485319,-0.25937886846659836,3.3347408449990326
2105,59773c25283c7696,success,88.92,605.2444711396788,0.4743890985519906,17,18.855507438006608,25.979470465868587,-0.1541592800125109,7.0611940960006905
2106,6aced34435aefa5d,success,43.52,176.66502330227524,0.31655043845540787,6,11.35162142580033,15.092639367998853,-0.16654771119984757,3.8472459969998454
2107,24e0761d5e11ad30,success,50.84,309.5541388459924,0.40187765583945667,5,18.24534241725513,21.04290721433444,-0.24591960524887754,4.665988638000272
2108,6a6a36eab790f76c,success,50.44,221.8702855268178,0.41089679632900983,7,14.27433942017136,25.48685937690824,-0.2570783659653918,4.029054760998406
2109,ae2cb97d7d9c57bb,success,49.4,403.12633170433537,0.5105240418752067,7,23.618776667832268,29.046744605737175,-0.123063761884288,3.5725471599980665
2110,73dd687d2f503172,success,74.32000000000001,430.7783049609833,0.3753274430996418,11,18.283801707550104,26.393603691516212,-0.2113388935554164,5.179543015998206
2111,0ade2fd3f9ccdfe7,success,69.56,334.0541218204367,0.4536564026600422,14,17.230287875507695,27.00415005733382,-0.20178804610979795,5.460891378999804
2112,edda547962466b94,success,64.2,375.108998556791,0.4921991924226954,9,18.632733068717663,28.57893594210216,-0.12451522395009704,4.489861871999892
2113,988cdff9ad002a50,success,52.32,291.43786774599374,0.42017326591971865,10,20.717770498083603,29.4811305103865,-0.2696940884948997,3.7119713419997424
2114,92ccdce0f07648b8,success,49.32,272.9506152850204,0.31268443613392627,5,18.38564975549506,21.740878757969632,-0.19927315316915922,3.2539205389985
2115,56063d3daf87a300,success,77.72,487.12940804790526,0.3460113629799163,12,19.131269295767208,23.945989159865437,-0.23431635023335715,5.920834597000066
2116,bb662535aa443349,success,68.72,553.2823727844456,0.39504600024640735,11,19.773676965361886,24.883666633864625,-0.2580524139910604,4.718713526999636
2117,9aefe5938debf6ba,success,63.36,321.6101786269363,0.28335318444294205,8,18.587328162519796,19.903937804763487,-0.21407017073041387,4.0022023060009815
2118,c1e46e353cbe349f,success,84.96000000000001,543.870950338989,0.47361590677368787,12,16.51806399224925,24.304124987090567,-0.1454099494225298,5.81483628800197
2119,4a74b81af5b0dcee,success,55.32,429.5794536280449,0.5328061483385788,8,20.258715978061,28.266727221993214,-0.18708322598507196,3.785600433999207
2120,a711f719569567df,success,78.52,460.5210581689245,0.3838402630840157,13,22.358237509338288,24.383532250339325,-0.20726886747668274,5.547548280002957
2121,c925faa8f09cefd1,success,44.64,280.0053866398956,0.30611920326607006,5,22.57352025587702,16.359729179585123,-0.17019445376405273,3.2654034509978374
2122,0cb4dd875132e06c,success,62.76,306.8458578921327,0.46537133625869365,11,15.873901828902136,20.109196353385883,-0.1213951160002803,3.909032359999401
2123,1fb8c2bb5285e343,success,65.76,393.2431551242205,0.39126789049069444,10,16.954680816173116,24.773516007554274,-0.18263915750416104,4.416295351998997
2124,1d02eb005cb68e0e,success,105.04,638.7958890737904,0.5204979155174326,20,18.278941479197975,29.267412333676745,-0.20826580720948953,8.26433773500321
2125,5fb30ffe5abe32ca,success,106.2,664.8352761283411,0.41073503496768565,17,24.2094158978659,28.30296716266319,-0.24170154349155085,7.394123678001051
2126,56103146318c0ab9,success,90.8,565.1894994130389,0.4464785567400216,13,19.67314546702029,23.671092131288013,-0.15702259115658193,6.700673776998883
2127,cfa5dfa9a7c57ba8,success,82.60000000000001,459.4206203126745,0.37769430783313196,13,18.46878636894965,29.719429665191775,-0.19864605692580128,5.5824552639969625
2128,5cb6148f3f79ed85,success,44.0,191.53676613359752,0.25595171208269024,4,22.86309030510236,18.288864441227116,-0.20133808250580698,3.1865627379993384
2129,3a733bb54e4b8a0e,success,62.440000000000005,441.2669152672213,0.3257900752908367,5,19.61473598343439,29.9628966715049,-0.2540874036890557,4.55294370699994
2130,fb69445450c058c2,success,43.96,252.67925124300396,0.2896705386146435,6,15.350123782846541,21.257401627715318,-0.25686682083092904,3.0369920779994573
2131,0dd757fd0ead6755,success,81.24,585.352203958907,0.5018647147567173,11,23.304147285476446,24.231535572256202,-0.2594295816140614,5.682881349999661
2132,7b27cf2ff8c50d79,success,91.8,532.3834532225653,0.4552575583618989,15,21.576752803875596,26.555944000159982,-0.2564918528750073,6.075446107999596
2133,7fdffea6e358ff7a,success,39.480000000000004,127.38481818700502,0.23244440770342104,2,12.992614299544442,14.381842410231856,-0.12973133869308925,2.6343995810020715
2134,b65c7335ee2486b3,success,52.04,410.168404015482,0.3091466669148021,5,23.99764929885396,23.13576132466087,-0.24946131608962874,3.4483325900000636
2135,eaa934623b3cc584,success,54.160000000000004,191.68190563034327,0.4299977801647697,7,13.323020690157913,18.203670150396977,-0.20789424233554185,3.6104701709991787
2136,437547f48b22b075,success,51.32,281.48550030564024,0.3287158967385889,6,22.485022285659802,24.056056661161417,-0.26472503544621373,3.5258644669993373
2137,50d5ba890df223d2,success,52.84,308.0854619185553,0.3584384274796618,8,16.193651895981034,23.688482902195982,-0.22086391804726246,3.781856109999353
2138,f5203474b39e4b0e,success,49.28,241.22345032662892,0.3002721419809357,6,15.295822890764402,17.092902639032737,-0.18676597156503874,3.324414319002244
2139,5f60886022e4c827,success,52.72,301.33466728398236,0.26319832325581455,6,22.1545605363826,22.483103068700665,-0.25778826373100444,3.485532716000307
2140,f03fe20c29e9804c,success,79.68,464.1752684147495,0.46727065989031163,18,19.920832988146586,29.430301044311918,-0.23549219207111605,5.221436067997274
2141,7c8d39a75ac0d74b,success,118.08,777.237240656663,0.4007821201801321,16,28.0112257806945,31.987289939213728,-0.2705588686334151,7.329134900002828
2142,35b1ac2addf650a3,success,61.96,420.79400344275604,0.505365539450984,11,20.76713692790557,29.481062460423004,-0.22804296322257941,4.00397234400225
2143,8e22f0c64015da16,success,105.8,621.8222772564524,0.4842157932637672,21,24.831622779767258,23.75348908101945,-0.2220133483381234,6.892839256001025
2144,a26bf50aacb533b7,success,56.6,337.6128829244209,0.4282164378373017,9,20.471482822750115,24.953750674225695,-0.26974718007098675,3.855708073999267
2145,fe339cd3409d0def,success,73.56,445.49028473109416,0.4424697513402943,15,18.35923206451126,28.648451089785556,-0.26725673628183827,4.959291023998958
2146,083dc54a406af8f7,success,52.96,265.44823562980974,0.3352011969197294,8,18.900351822874118,22.14920973605875,-0.22063369821689946,3.86068276199876
2147,657f801f0da88cf2,success,70.32000000000001,283.1769178434665,0.2837682988777852,9,16.11097784661594,17.485605475868937,-0.13991448544656138,4.359919368002011
2148,6a5fa940d56be8d4,success,45.84,168.6575378747957,0.3315266485523109,7,17.65068598500417,22.495530177348908,-0.20944363548097486,2.9870558049988176
2149,69a65db5d440bdc4,success,40.72,147.5442227051808,0.26419087291237653,6,13.996880836010806,13.253417687004568,-0.23774960375402487,2.567340139998123
2150,533fc73c029a9c3a,success,62.440000000000005,403.8312588544758,0.4970335347716441,6,22.637172136683667,30.394880559753606,-0.2365696957812996,4.402260696002486
2151,14ba0423107f432b,success,46.44,324.3031443055247,0.2680138333433063,4,18.55051837392735,12.033436661093546,-0.20901379061528702,3.5248955440001737
2152,df0c1955361639bd,success,38.76,128.3829629941426,0.21343864035408205,2,14.170660926092943,14.899024297746651,-0.1968201508213366,2.5836782900005346
2153,47566e4159731786,success,42.52,168.10038722560978,0.2525120307945527,5,13.605142769458928,11.868916220726163,-0.12200795257467136,2.7638840680010617
2154,c7d427337655c8b6,success,139.48,747.8112953301404,0.5116076461398821,26,19.709760097062286,26.667137502089428,-0.16915152098592087,9.003504348998831
2155,dd1c347d3586e70e,success,55.120000000000005,371.0596383179764,0.4041934437239095,9,20.76743236654388,29.573797440026784,-0.26557243852423823,3.516180931001145
2156,d3809f8f6d1ca092,success,42.08,260.2326773882701,0.30693074670963516,3,13.547913342046213,26.47898440440403,-0.13097765061752029,2.8071015440000338
2157,ecec47bdc95d32cc,success,75.32000000000001,441.30560517914444,0.3433796704088255,7,17.78583806217887,27.531335798135984,-0.28798347670680485,5.06892095999865
2158,c1f21639c0069620,success,87.4,542.4272839496176,0.5022292427915075,14,18.032851970368473,23.653770544504045,-0.18439051682404312,5.787516356998822
2159,675b6c6d9c1423e7,success,42.84,149.07712307753806,0.27207490972586307,4,17.17502728109673,16.78422296656769,-0.1987349646648636,2.88974411199888
2160,7873190500168dcf,success,57.800000000000004,354.6185517883265,0.39675134640815407,7,24.183524979360485,30.995098754654418,-0.18839419969902266,3.9510660320011084
2161,593bc3882ab09c73,success,48.88,260.1379865222925,0.35846985059435127,5,17.67229599292856,26.129125179291854,-0.20325203289988253,3.219999564000318
2162,eea849593ea394f0,success,60.4,323.317371627039,0.33724318059147596,9,21.52772579268865,23.78772290871631,-0.17924282441267592,3.9998358890006784
2163,ace9ec5e4f92be6b,success,49.04,251.4446008331406,0.5052175165136924,7,15.59341932951727,29.07290780253197,-0.14725414965449005,3.139896173001034
2164,f58dd05c90d0b413,success,79.84,348.82479841515016,0.35150134001638944,8,20.317586558566695,24.48652428309939,-0.17840687856038442,5.302931196001737
2165,8827ad65d3f44281,success,68.28,375.6605901753226,0.3325908508101209,5,20.658991450421052,22.704846495012323,-0.18181554574487918,4.597807390000526
2166,1694c91ec2da3e32,success,46.160000000000004,309.3363500077441,0.3487359672174258,7,18.355107536757387,25.302562375447934,-0.21473635415718376,3.0117566190019716
2167,ed858740b53fcd6a,success,52.800000000000004,296.5673793607058,0.4542302380632771,8,15.95816352088562,24.020736506531676,-0.3308246264208677,3.5743692930009274
2168,cf3cbe105758b703,success,89.64,449.50469465975937,0.4337673778549649,16,19.254135166384607,27.5219123074854,-0.1907764010289459,6.253557867999916
2169,c310b3782092bb77,success,73.44,345.006408205101,0.40829146151975676,12,16.827660122539942,26.824570270209154,-0.23537596040087422,4.8776175170023635
2170,bfadc7301f1b0c7f,success,86.24,543.1254888705402,0.44054013356570343,19,16.52848586794962,29.775447630810604,-0.2660428837505232,6.086329757003114
2171,4f92d4bc6dad23e6,success,88.52,508.2708993314978,0.4049129580962707,15,24.243853577605474,26.07133306963662,-0.23109027738882218,5.242736948999664
2172,988206555def1226,success,53.36,223.79530680842407,0.42342661682849814,10,15.099031132425852,16.305765499790613,-0.2587325071171739,3.569595175998984
2173,1b8205338a1b920f,success,43.56,189.16734585358174,0.2188548667818033,6,11.496508128321931,14.264936695544383,-0.2715194732943378,2.7413902779990167
2174,1179f90e65ab8f17,success,59.88,313.35276195500086,0.4761268346930437,13,24.2681975340703,29.03128037682347,-0.1383873180705305,3.9522625130011875
2175,95bd60dcdb5af219,success,66.88,357.4612158700229,0.3602951048429285,9,20.49201065726017,18.808587269005077,-0.24974330663266925,4.684432124999148
2176,b26cea60956fbf4d,success,100.32000000000001,605.0011127192753,0.46916805108817405,15,22.069669202657263,21.248120826077752,-0.24452169851723882,6.8410097239975585
2177,6cbf8e399c29989f,success,64.44,351.5739025247537,0.4483672404787073,7,19.29826905724008,21.676179388331985,-0.25998397876426266,4.0916409000019485
2178,ce37682b392dabca,success,63.72,409.69364360784743,0.4279658976561009,8,20.61406871400519,24.862803367942856,-0.29534276825465,4.177081794001424
2179,1f791a2d988aae2f,success,105.36,591.6196631057851,0.45838137174267507,20,22.5963372574741,24.681545329002464,-0.21600052590474988,7.310798242997407
2180,93aac2d6e35dc86d,success,54.4,236.30779080288377,0.4658235773560996,8,12.441273353049352,19.449586851724387,-0.2415991061708857,3.553021127001557
2181,b8205f5169eca21a,success,72.44,403.94742483377763,0.35008727447947785,14,16.795880160006195,18.912619030417016,-0.20269328545957904,4.9324360720020195
2182,511180d685445e03,success,44.32,187.77861538994924,0.27381345804988894,4,12.428438255831702,28.85745286159348,-0.209037572902878,2.8968044050016033
2183,e0edef30d0c713a6,success,50.68,282.123199323746,0.36445353655240487,5,14.619081367018122,26.81346033199177,-0.13920068734148217,3.2026560170015728
2184,4c8298c639ad6ddb,success,45.160000000000004,263.1320954769898,0.25877534704965655,4,20.43771217211865,19.709694087464523,-0.16221899870984202,2.862471929001913
2185,e886d3ef09163ea2,success,51.0,223.20082885152584,0.23620625452443603,3,17.488479981930936,15.788621593230525,-0.21474895218089643,3.442155651999201
2186,bfa8c92a5acba6e5,success,49.800000000000004,335.50503931710773,0.3612615259056031,6,17.70597779480809,24.422444946641235,-0.15942536017323178,3.3590807639993727
2187,b8a34802a67ca8a8,success,48.24,270.6001808532194,0.2880273768505417,3,16.1217093238982,16.717634581779347,-0.23750464375788055,3.1718230760016013
2188,7905dad68150e0ce,success,54.72,369.9399277692109,0.4609092935705723,9,22.512256942305903,29.633460667133775,-0.23849826664856139,3.4829375989975233
2189,8038098c0f40b55a,timeout,140.0,777.0235538416799,0.4559431452916511,19,21.617680638071427,29.852388711698353,-0.22817422571924453,9.456686019002518
2190,e7e49303c179af03,success,72.84,445.5778268515061,0.39671506304027093,10,18.406261524111205,28.72742043790646,-0.21201271027238888,5.08378361600262
2191,9bded5f89afb0d2c,success,114.12,562.7314980748374,0.40611215896702535,20,24.888464210300125,32.84922922227707,-0.25875114827963513,6.9862032670025656
2192,5defcadfec416132,success,57.64,420.2634945041303,0.4760728943909095,9,18.859137250690193,31.07636604571837,-0.15737195876861917,3.7750092999995104
2193,aaf22a4d93fc7931,success,134.04,711.2901136300321,0.47119255459556136,21,22.129953533785464,22.961939668678266,-0.24952812781469574,8.54644306299815
2194,c6870e658efa33de,success,76.2,531.4020008495742,0.5142442085639218,14,25.020536942459366,37.662615031607295,-0.27733150506056403,5.235966577001818
2195,32cf6a6a81195f95,success,53.68,367.40617814739556,0.5248103201912352,10,18.625399466985826,30.434264370845398,-0.2449914870134782,3.6129636719997507
2196,c711d651b68f9661,success,85.24,483.10275013852157,0.3282971455021423,11,19.926006554979384,26.816393029772318,-0.24904194685220915,5.544895915998495
2197,3106bece6a4e6ee6,success,92.48,500.9691712287618,0.38229530881044366,14,24.146905598270642,26.799289972291028,-0.22347712591518787,5.713783882998541
2198,db68a233a22b32b7,success,71.08,434.7027149045749,0.5419164521550783,13,18.891003118563145,25.217786334756514,-0.1865661699712689,4.338649574001465
2199,efe733ebbbb896dc,success,53.28,338.6237469289293,0.3870091712955989,7,21.33753202219447,18.750215359659418,-0.18063240859716004,3.638844976998371
